-- phpMyAdmin SQL Dump
-- version 2.11.4
-- http://www.phpmyadmin.net
--
-- Host: localhost
-- Generation Time: Feb 10, 2014 at 04:25 PM
-- Server version: 5.0.51
-- PHP Version: 5.2.5

SET SQL_MODE="NO_AUTO_VALUE_ON_ZERO";

--
-- Database: `obcd`
--

-- --------------------------------------------------------

--
-- Table structure for table `client_campaign`
--

CREATE TABLE IF NOT EXISTS `client_campaign` (
  `id` int(11) NOT NULL auto_increment,
  `creation_date` date NOT NULL,
  `solution_team_partner` varchar(225) NOT NULL,
  `campaign_period` varchar(225) NOT NULL,
  `campaign_milestone_frequency` varchar(225) NOT NULL,
  `review_dates` date NOT NULL,
  `weekly_prospect_activity_day` varchar(225) NOT NULL,
  `status` int(20) NOT NULL,
  PRIMARY KEY  (`id`)
) ENGINE=MyISAM  DEFAULT CHARSET=latin1 AUTO_INCREMENT=3 ;

--
-- Dumping data for table `client_campaign`
--

INSERT INTO `client_campaign` (`id`, `creation_date`, `solution_team_partner`, `campaign_period`, `campaign_milestone_frequency`, `review_dates`, `weekly_prospect_activity_day`, `status`) VALUES
(1, '2014-01-06', 'test3', '3 months', 'Monthly', '2014-01-07', 'monday', 3),
(2, '0000-00-00', '', '', '', '0000-00-00', '', 0);

-- --------------------------------------------------------

--
-- Table structure for table `client_campaign_meta`
--

CREATE TABLE IF NOT EXISTS `client_campaign_meta` (
  `meta_id` bigint(20) unsigned NOT NULL auto_increment,
  `user_id` int(11) NOT NULL,
  `meta_key` varchar(225) NOT NULL,
  `meta_value` longtext NOT NULL,
  PRIMARY KEY  (`meta_id`)
) ENGINE=MyISAM  DEFAULT CHARSET=latin1 AUTO_INCREMENT=2 ;

--
-- Dumping data for table `client_campaign_meta`
--

INSERT INTO `client_campaign_meta` (`meta_id`, `user_id`, `meta_key`, `meta_value`) VALUES
(1, 0, 'campaign_clientdb', '10');

-- --------------------------------------------------------

--
-- Table structure for table `external_partners`
--

CREATE TABLE IF NOT EXISTS `external_partners` (
  `id` int(11) NOT NULL auto_increment,
  `user_id` int(11) NOT NULL,
  `name` varchar(225) NOT NULL,
  `display_all_categories` varchar(225) NOT NULL,
  PRIMARY KEY  (`id`)
) ENGINE=MyISAM  DEFAULT CHARSET=latin1 AUTO_INCREMENT=3 ;

--
-- Dumping data for table `external_partners`
--

INSERT INTO `external_partners` (`id`, `user_id`, `name`, `display_all_categories`) VALUES
(1, 1, 'drdr', 'General Insurance Broker'),
(2, 1, 'firoz', 'General Insurance Broker');

-- --------------------------------------------------------

--
-- Table structure for table `external_partners_meta`
--

CREATE TABLE IF NOT EXISTS `external_partners_meta` (
  `id` bigint(20) unsigned NOT NULL auto_increment,
  `external_partner_id` bigint(20) unsigned NOT NULL,
  `meta_key` longtext,
  `meta_value` longtext,
  PRIMARY KEY  (`id`),
  KEY `id` (`id`)
) ENGINE=MyISAM  DEFAULT CHARSET=latin1 AUTO_INCREMENT=21 ;

--
-- Dumping data for table `external_partners_meta`
--

INSERT INTO `external_partners_meta` (`id`, `external_partner_id`, `meta_key`, `meta_value`) VALUES
(1, 1, 'legal_trading_name', '34545345'),
(2, 1, 'display_sub_categories', 'Professional Lines Insurance'),
(3, 1, 'average_frequency', 'Monthly'),
(4, 1, 'ideal_client_type', 'Great quality '),
(5, 1, 'average_comm_referal', '14'),
(6, 1, 'leads_parter_referal', 'Half Yearly'),
(7, 1, 'estimate_conversion_referral', '100%'),
(8, 1, 'minus_referral_comm', 'undefined'),
(9, 1, 'leniency_referral', 'yes'),
(10, 1, 'leniency_referral_2', 'no'),
(11, 2, 'legal_trading_name', '342434'),
(12, 2, 'display_sub_categories', 'Professional Lines Insurance'),
(13, 2, 'average_frequency', 'Monthly'),
(14, 2, 'ideal_client_type', 'Great quality '),
(15, 2, 'average_comm_referal', '11'),
(16, 2, 'leads_parter_referal', 'Quarterly'),
(17, 2, 'estimate_conversion_referral', '75%'),
(18, 2, 'minus_referral_comm', 'undefined'),
(19, 2, 'leniency_referral', 'no'),
(20, 2, 'leniency_referral_2', 'no');

-- --------------------------------------------------------

--
-- Table structure for table `meeting`
--

CREATE TABLE IF NOT EXISTS `meeting` (
  `id` bigint(40) NOT NULL auto_increment,
  `user_id` int(10) NOT NULL,
  `title` varchar(255) NOT NULL,
  `type` varchar(255) NOT NULL,
  `time` varchar(10) NOT NULL,
  `end` varchar(10) NOT NULL,
  `date` date NOT NULL,
  `address` text NOT NULL,
  `invitecontent` text NOT NULL,
  PRIMARY KEY  (`id`)
) ENGINE=MyISAM  DEFAULT CHARSET=latin1 AUTO_INCREMENT=4 ;

--
-- Dumping data for table `meeting`
--

INSERT INTO `meeting` (`id`, `user_id`, `title`, `type`, `time`, `end`, `date`, `address`, `invitecontent`) VALUES
(1, 1, 'Meet and Greet Invitation', 'Meet and Greet', '6 a.m ', '7 a.m', '2014-01-08', 'hfghghfghfgh', 'Meet And Greet Invitation'),
(2, 1, 'Financial Planner', 'Client Campaign Prospects', '2014-01-06', '2014-01-07', '2014-01-06', '', ''),
(3, 1, 'ghfhfhfgh', 'gfhhghh', '6:45 PM', '6:45 PM', '2014-01-21', 'jghjghjghj', 'ghbjghj');

-- --------------------------------------------------------

--
-- Table structure for table `meeting_attachment`
--

CREATE TABLE IF NOT EXISTS `meeting_attachment` (
  `id` int(10) NOT NULL auto_increment,
  `user_id` int(10) NOT NULL,
  `meeting_id` int(10) NOT NULL,
  `time` varchar(255) NOT NULL,
  `o_filename` varchar(255) NOT NULL,
  `filename` varchar(255) NOT NULL,
  `invite_content` text NOT NULL,
  PRIMARY KEY  (`id`)
) ENGINE=MyISAM  DEFAULT CHARSET=latin1 AUTO_INCREMENT=5 ;

--
-- Dumping data for table `meeting_attachment`
--


-- --------------------------------------------------------

--
-- Table structure for table `meeting_meta`
--

CREATE TABLE IF NOT EXISTS `meeting_meta` (
  `id` bigint(40) NOT NULL auto_increment,
  `meeting_id` int(10) NOT NULL,
  `meta_key` varchar(255) NOT NULL,
  `meta_value` text NOT NULL,
  PRIMARY KEY  (`id`)
) ENGINE=MyISAM  DEFAULT CHARSET=latin1 AUTO_INCREMENT=21 ;

--
-- Dumping data for table `meeting_meta`
--

INSERT INTO `meeting_meta` (`id`, `meeting_id`, `meta_key`, `meta_value`) VALUES
(20, 2, 'link', 'campaign_contact.php');

-- --------------------------------------------------------

--
-- Table structure for table `meet_and_greet`
--

CREATE TABLE IF NOT EXISTS `meet_and_greet` (
  `id` int(20) NOT NULL auto_increment,
  `user_id` int(20) NOT NULL,
  `pcamp_id` int(20) NOT NULL,
  `invitated_client_id` int(20) NOT NULL,
  `status` int(20) NOT NULL,
  PRIMARY KEY  (`id`)
) ENGINE=MyISAM  DEFAULT CHARSET=latin1 AUTO_INCREMENT=2 ;

--
-- Dumping data for table `meet_and_greet`
--

INSERT INTO `meet_and_greet` (`id`, `user_id`, `pcamp_id`, `invitated_client_id`, `status`) VALUES
(1, 1, 1, 5, 1);

-- --------------------------------------------------------

--
-- Table structure for table `meet_and_greet_meta`
--

CREATE TABLE IF NOT EXISTS `meet_and_greet_meta` (
  `meta_id` int(20) NOT NULL auto_increment,
  `meetandgreet_id` int(20) NOT NULL,
  `meta_key` varchar(225) NOT NULL,
  `meta_value` longtext NOT NULL,
  PRIMARY KEY  (`meta_id`)
) ENGINE=MyISAM  DEFAULT CHARSET=latin1 AUTO_INCREMENT=6 ;

--
-- Dumping data for table `meet_and_greet_meta`
--

INSERT INTO `meet_and_greet_meta` (`meta_id`, `meetandgreet_id`, `meta_key`, `meta_value`) VALUES
(1, 1, 'datepicker', '2014/01/08'),
(2, 1, 'meeting_time', '6 a.m -7 a.m'),
(3, 1, 'address_title', 'gfhfghfg'),
(4, 1, 'address_location', 'hfghghfghfgh'),
(5, 1, 'meet_and_greet_result', '1');

-- --------------------------------------------------------

--
-- Table structure for table `notification`
--

CREATE TABLE IF NOT EXISTS `notification` (
  `user_id` bigint(20) NOT NULL,
  `not_id` int(10) NOT NULL,
  `status` varchar(5) NOT NULL,
  `task` bigint(20) NOT NULL,
  `date` date NOT NULL
) ENGINE=MyISAM DEFAULT CHARSET=latin1;

--
-- Dumping data for table `notification`
--

INSERT INTO `notification` (`user_id`, `not_id`, `status`, `task`, `date`) VALUES
(1, 3, 'false', 1, '2014-01-16'),
(1, 5, 'true', 1, '2014-01-16'),
(5, 4, 'true', 1, '2014-01-16'),
(5, 7, 'false', 0, '2014-01-16'),
(1, 8, 'false', 1, '2014-01-16'),
(1, 9, 'true', 1, '2014-01-16'),
(5, 10, 'false', 1, '2014-01-16'),
(1, 12, 'false', 1, '2014-01-16'),
(5, 15, 'true', 0, '2014-01-16'),
(1, 15, 'true', 0, '2014-01-16'),
(1, 16, 'true', 0, '2014-01-16'),
(1, 19, 'true', 0, '2014-01-16'),
(1, 2, 'false', 0, '2014-01-16'),
(5, 2, 'true', 0, '2014-01-16'),
(10, 2, 'true', 0, '2014-01-19'),
(10, 3, 'true', 1, '2014-01-19'),
(10, 5, 'true', 1, '2014-01-19'),
(11, 2, 'true', 0, '2014-02-09');

-- --------------------------------------------------------

--
-- Table structure for table `notification_meta`
--

CREATE TABLE IF NOT EXISTS `notification_meta` (
  `not_id` int(10) unsigned NOT NULL,
  `activity_type` varchar(100) NOT NULL,
  `title` varchar(255) NOT NULL,
  `detail` text NOT NULL
) ENGINE=MyISAM DEFAULT CHARSET=latin1;

--
-- Dumping data for table `notification_meta`
--

INSERT INTO `notification_meta` (`not_id`, `activity_type`, `title`, `detail`) VALUES
(1, 'Internal', 'Outstanding Profile Completion', ' Welcome to the Solutions Network! We know this is going to be the start of something fantastic for you & your business! The first major step forward is to complete your member profile under "My Solutions Profile" menu, let''s get to work!'),
(2, 'Internal', 'Partnership Campaign Creation', ' Let''s keep the ball rolling by launching a Solutions Network Partnership Campaign!'),
(3, 'Internal', 'Matches Received', ' Your (service) Partnership Campaign has returned potential matches for your review! '),
(4, 'Internal', 'Membership Conversion', ' Congratulations! Your member profile has caught the attention of another Solutions Network member! In order to start openly viewing other members profiles and be viewed in return, it''s time to activate your Solutions Network membership!'),
(5, 'Internal', 'Membership Conversion', ', Congratulations! With your partnership campaign returning potentially matched partners, it''s time to activate your Solutions Network membership! This will allow you openly view other member''s profiles & be viewed in return.'),
(6, 'Internal', 'Shortlisted', ' Congratulations! You''ve been shortlisted in another Solutions Network member''s parntership campaign results! Watch this space! '),
(7, 'Internal', 'Profile View Invitation Received', ' Congratulations! You''ve received a Profile View Invitation from another Solutions Network member''s partnership campaign. As this service is available within your Solutions Team and inline with your Partnership Goals, we encourage you to accept the invitation and review the other member''s profile compatability with your business and goals!'),
(8, 'Internal', 'Profile View Invitation Accepted', ' Congratulations! A potentially matched Partner has accepted your Profile View invitation!  Select your Partnership Campaign Shortlist to view the other member''s profile in full to consider a Meet & Greet appointment!'),
(9, 'Partnership Campaign', 'meet & Greet Prompt', ' ,We''ve noticed your partnership campaign has potential match/es that are eligible to proceed to a Meet & greet appointment. This can be actioned from the potential partners profile in your campaign shortlist, or alternatively you can Disregard if the member''s profile is not compatible with your desired partnership requirements.'),
(10, 'Partnership Campaign', 'Meet & Greet Invitation Received', ' Congratulations, you''ve received a Meet & Greet Appointment invitation. This will provide you the opportunity to meet this potential partner and review each other''s business and client demographics, partnership & revenue goals in detail!'),
(11, 'Partnership Campaign', 'Meet & Greet Invitation Received', ' Congratulations, you''ve received a Meet & Greet Appointment invitation. This will provide you the opportunity to meet this potential partner and review each other''s business and client demographics, partnership & revenue goals in detail!'),
(12, 'Partnership Campaign', 'Meet & Greet Invitation Accepted', ' Congratulations! Your Meet and Greet appointment invitation has been accepted. Please review your campaign status to view the calendar meeting booking and requirements!'),
(13, 'Partnership Campaign', 'Meet & Greet Appointment Agenda Report', ' Just a reminder to ensure your Meet & Greet appointment agenda report has been completed and printed off fort the upcoming meeting? You can complete the report from your Workflow Manager or directly from here.'),
(14, 'Partnership Campaign', 'Meet & Greet Appointment Reminder', ' just a quick reminder to ensure you''ve printed off the agenda report for tomorrow''s Meet & Greet Appointment? Good luck!'),
(15, 'Partnership Campaign', 'Meet & Greet Result Request', ', please update the results of the Meet & Greet Appointment yesterday!'),
(16, 'Partnership Campaign', 'Partnership Agreement Creation Prompt', ', your only a couple of steps away from completing a successful Parntership Campaign! Let''s create the Partnership Agreement for signing!'),
(17, 'Partnership Campaign', 'Outstanding Partnership Agreement Creation Reminder', ', we''ve noticed that you''re yet to create the Partnership Agreement following your recent successful Meet & Greet appointment. You can action it from here!'),
(18, 'Partnership Campaign', 'Partnership Agreement Creation Complete', ', the Partnership Agreement has been successfully generated for your signature and uploading.'),
(19, 'Partnership Campaign', 'Outstanding Partnership Agreement Signature / Uploading', ', we''ve noticed that you''re yet to sign and upload the Partnership Agreement.'),
(20, 'Partnership Campaign', 'Partnership Agreement Signed / Uploaded', 'Congratulations! Your partnership campaign has been successful! You can now launch Client Marketing Campaigns to your client base promoting your Team''s new services!'),
(21, 'Client Campaign', 'Client Campaign Proposal Confirmation', 'Congratulations! You''ve got client campaign invitation'),
(22, 'Client Campaign', 'Client Campaign Proposal Accepted', 'Accepted'),
(23, 'Sales', 'Lead accepted', 'contact the lead by a due date according to the user''s service standard''s time frames.\r\n'),
(24, 'Sales', 'Client contacted', 'partner has contacted the client.');

-- --------------------------------------------------------

--
-- Table structure for table `partnership_campaign`
--

CREATE TABLE IF NOT EXISTS `partnership_campaign` (
  `id` int(20) NOT NULL auto_increment,
  `user_id` int(20) NOT NULL,
  `client_campaign_id` int(11) NOT NULL,
  `service` varchar(225) NOT NULL,
  `status` int(11) NOT NULL,
  `launch_date` date NOT NULL,
  PRIMARY KEY  (`id`)
) ENGINE=MyISAM  DEFAULT CHARSET=latin1 AUTO_INCREMENT=3 ;

--
-- Dumping data for table `partnership_campaign`
--

INSERT INTO `partnership_campaign` (`id`, `user_id`, `client_campaign_id`, `service`, `status`, `launch_date`) VALUES
(1, 1, 1, 'Financial Planner', 8, '2014-01-16'),
(2, 10, 2, 'Accountant', 1, '2014-01-19');

-- --------------------------------------------------------

--
-- Table structure for table `partnership_campaignmeta`
--

CREATE TABLE IF NOT EXISTS `partnership_campaignmeta` (
  `cmeta_id` bigint(20) unsigned NOT NULL auto_increment,
  `pcamp_id` bigint(20) unsigned NOT NULL default '0',
  `meta_key` varchar(225) default NULL,
  `meta_value` longtext,
  PRIMARY KEY  (`cmeta_id`)
) ENGINE=MyISAM DEFAULT CHARSET=latin1 AUTO_INCREMENT=1 ;

--
-- Dumping data for table `partnership_campaignmeta`
--


-- --------------------------------------------------------

--
-- Table structure for table `partnership_task`
--

CREATE TABLE IF NOT EXISTS `partnership_task` (
  `id` int(20) NOT NULL auto_increment,
  `user_id` int(20) NOT NULL,
  `client_id` int(20) NOT NULL,
  `pcamp_id` int(20) NOT NULL,
  `status` int(20) NOT NULL,
  PRIMARY KEY  (`id`)
) ENGINE=MyISAM  DEFAULT CHARSET=latin1 AUTO_INCREMENT=2 ;

--
-- Dumping data for table `partnership_task`
--

INSERT INTO `partnership_task` (`id`, `user_id`, `client_id`, `pcamp_id`, `status`) VALUES
(1, 1, 5, 1, 3);

-- --------------------------------------------------------

--
-- Table structure for table `prospects`
--

CREATE TABLE IF NOT EXISTS `prospects` (
  `id` int(20) unsigned NOT NULL auto_increment,
  `user_id` int(20) NOT NULL,
  `first_name` varchar(225) NOT NULL,
  `last_name` varchar(225) NOT NULL,
  `phone_number` int(20) NOT NULL,
  `email_number` varchar(225) NOT NULL,
  `address` longtext NOT NULL,
  `type` varchar(225) NOT NULL,
  `date` date NOT NULL,
  PRIMARY KEY  (`id`)
) ENGINE=MyISAM  DEFAULT CHARSET=latin1 AUTO_INCREMENT=3 ;

--
-- Dumping data for table `prospects`
--

INSERT INTO `prospects` (`id`, `user_id`, `first_name`, `last_name`, `phone_number`, `email_number`, `address`, `type`, `date`) VALUES
(1, 1, 'fdgdfg', 'fdgdfgf', 90215468, 'dfghgdfg@gmail.com', 'fhrftyhftrhj', '', '0000-00-00'),
(2, 1, 'fdgdfg', 'fdgdfgf', 90215468, 'dfghgdfg@gmail.com', 'fhrftyhftrhj', '', '0000-00-00');

-- --------------------------------------------------------

--
-- Table structure for table `prospects_assets`
--

CREATE TABLE IF NOT EXISTS `prospects_assets` (
  `id` int(11) NOT NULL auto_increment,
  `prospect_id` int(50) NOT NULL,
  `asset_type` varchar(225) NOT NULL,
  `detail` varchar(225) NOT NULL,
  `asset_value` int(50) NOT NULL,
  `attached_liability` varchar(225) NOT NULL,
  `attached_income` int(50) NOT NULL,
  `attached_expense` int(50) NOT NULL,
  PRIMARY KEY  (`id`)
) ENGINE=MyISAM DEFAULT CHARSET=latin1 AUTO_INCREMENT=1 ;

--
-- Dumping data for table `prospects_assets`
--


-- --------------------------------------------------------

--
-- Table structure for table `prospects_expence`
--

CREATE TABLE IF NOT EXISTS `prospects_expence` (
  `id` int(11) NOT NULL auto_increment,
  `prospect_id` int(50) NOT NULL,
  `category` varchar(225) NOT NULL,
  `detail` varchar(225) NOT NULL,
  `amount` int(50) NOT NULL,
  `frequency` varchar(225) NOT NULL,
  PRIMARY KEY  (`id`)
) ENGINE=MyISAM DEFAULT CHARSET=latin1 AUTO_INCREMENT=1 ;

--
-- Dumping data for table `prospects_expence`
--


-- --------------------------------------------------------

--
-- Table structure for table `prospects_income`
--

CREATE TABLE IF NOT EXISTS `prospects_income` (
  `id` int(11) NOT NULL auto_increment,
  `prospect_id` int(11) NOT NULL,
  `income_type` varchar(225) NOT NULL,
  `detail` varchar(225) NOT NULL,
  `amount` int(11) NOT NULL,
  `frequency` varchar(225) NOT NULL,
  PRIMARY KEY  (`id`)
) ENGINE=MyISAM DEFAULT CHARSET=latin1 AUTO_INCREMENT=1 ;

--
-- Dumping data for table `prospects_income`
--


-- --------------------------------------------------------

--
-- Table structure for table `prospects_liabilities`
--

CREATE TABLE IF NOT EXISTS `prospects_liabilities` (
  `id` int(50) NOT NULL auto_increment,
  `liability_type` varchar(225) NOT NULL,
  `detail` varchar(225) NOT NULL,
  `liabilities_balance` int(50) NOT NULL,
  `attached_type` varchar(225) NOT NULL,
  `interest_rate` int(50) NOT NULL,
  `attached_expense` int(50) NOT NULL,
  `prospect_id` int(50) NOT NULL,
  PRIMARY KEY  (`id`)
) ENGINE=MyISAM DEFAULT CHARSET=latin1 AUTO_INCREMENT=1 ;

--
-- Dumping data for table `prospects_liabilities`
--


-- --------------------------------------------------------

--
-- Table structure for table `prospects_results`
--

CREATE TABLE IF NOT EXISTS `prospects_results` (
  `user_id` int(20) NOT NULL,
  `id` int(20) NOT NULL auto_increment,
  `client_id` int(20) NOT NULL,
  `ccamp_id` int(20) NOT NULL,
  `prospect_id` int(20) NOT NULL,
  `status` int(20) NOT NULL,
  PRIMARY KEY  (`id`)
) ENGINE=MyISAM  DEFAULT CHARSET=latin1 AUTO_INCREMENT=2 ;

--
-- Dumping data for table `prospects_results`
--

INSERT INTO `prospects_results` (`user_id`, `id`, `client_id`, `ccamp_id`, `prospect_id`, `status`) VALUES
(1, 1, 5, 1, 1, 1);

-- --------------------------------------------------------

--
-- Table structure for table `prospects_results_meta`
--

CREATE TABLE IF NOT EXISTS `prospects_results_meta` (
  `id` bigint(20) NOT NULL auto_increment,
  `presult_id` bigint(20) NOT NULL,
  `meta_key` varchar(225) NOT NULL,
  `meta_value` longtext NOT NULL,
  PRIMARY KEY  (`id`)
) ENGINE=MyISAM DEFAULT CHARSET=latin1 AUTO_INCREMENT=1 ;

--
-- Dumping data for table `prospects_results_meta`
--


-- --------------------------------------------------------

--
-- Table structure for table `tasks`
--

CREATE TABLE IF NOT EXISTS `tasks` (
  `id` bigint(40) NOT NULL auto_increment,
  `user_id` int(10) NOT NULL,
  `activity_type` varchar(255) NOT NULL,
  `task_title` varchar(255) NOT NULL,
  `c_p_category` varchar(255) NOT NULL,
  `c_party` varchar(255) NOT NULL,
  `p_notification` int(10) NOT NULL,
  `due_date` datetime NOT NULL,
  `status` varchar(40) NOT NULL,
  `task_details` text NOT NULL,
  `task_criteria` varchar(255) NOT NULL,
  PRIMARY KEY  (`id`)
) ENGINE=MyISAM DEFAULT CHARSET=latin1 AUTO_INCREMENT=1 ;

--
-- Dumping data for table `tasks`
--


-- --------------------------------------------------------

--
-- Table structure for table `usermeta`
--

CREATE TABLE IF NOT EXISTS `usermeta` (
  `umeta_id` bigint(20) unsigned NOT NULL auto_increment,
  `user_id` bigint(20) unsigned NOT NULL default '0',
  `meta_key` varchar(225) default NULL,
  `meta_value` longtext,
  PRIMARY KEY  (`umeta_id`)
) ENGINE=MyISAM  DEFAULT CHARSET=latin1 AUTO_INCREMENT=1526 ;

--
-- Dumping data for table `usermeta`
--

INSERT INTO `usermeta` (`umeta_id`, `user_id`, `meta_key`, `meta_value`) VALUES
(1, 1, 'businessname', 'Admin'),
(2, 1, 'businesswebsite', 'http://www.admin.com'),
(3, 1, 'businessprofile', 'Business Insurance'),
(4, 1, 'services', 'Accountant'),
(5, 1, 'officenumber', ''),
(6, 1, 'officefaxnumber', ''),
(7, 1, 'officeaddress', ''),
(8, 1, 'postal_address', ''),
(9, 1, 'business_structure', ''),
(10, 1, 'legal_trading_name', ''),
(11, 1, 'abn', ''),
(12, 1, 'acn', ''),
(13, 1, 'suburb', ''),
(14, 1, 'state', 'ACT'),
(15, 1, 'area', 'region'),
(16, 1, 'postcode', ''),
(17, 2, 'businessname', 'Burhan'),
(18, 2, 'businesswebsite', 'burhan.com'),
(19, 2, 'businessprofile', 'Personal Accounting'),
(20, 2, 'services', 'Accountant'),
(21, 2, 'officenumber', ''),
(22, 2, 'officefaxnumber', ''),
(23, 2, 'officeaddress', ''),
(24, 2, 'postal_address', ''),
(25, 2, 'business_structure', ''),
(26, 2, 'legal_trading_name', ''),
(27, 2, 'abn', ''),
(28, 2, 'acn', ''),
(29, 2, 'suburb', ''),
(30, 2, 'state', 'NSW'),
(31, 2, 'area', ''),
(32, 2, 'postcode', ''),
(33, 1, 'membertype', 'sn_member'),
(35, 1, 'services_eligiility', 'Solicitor, Mortgage Broker'),
(36, 1, 'skypeid', 'ghgh'),
(37, 1, 'linkedin', 'ghfhghfghg'),
(38, 1, 'qualifications', 'ghgfhfgh'),
(39, 1, 'turnovertotal', '1000000'),
(40, 1, 'ongoing_commission', 'df'),
(41, 1, 'new_income', 'fd'),
(42, 1, 'referral', 'gf'),
(43, 1, 'no_staffadvising', ''),
(44, 1, 'no_administratingstaff', ''),
(45, 1, 'approx_existing', '`10'),
(46, 1, 'new_clients', '500'),
(47, 1, 'dm_current_sources', ''),
(48, 1, 'ctc_current_sources', ''),
(49, 1, 'erp_current_sources', ''),
(50, 1, 'office_space', 'yes'),
(51, 1, 'client_meet_away', ''),
(52, 1, 'wbh_office_meeting_hours', ''),
(53, 1, 'obh_office_meeting_hours', ''),
(54, 1, 'wo_office_meeting_hours', ''),
(55, 1, 'client_record_crm', 'yes'),
(56, 1, 'categorize_client', 'yes'),
(57, 1, 'business_workflow', ''),
(58, 1, 'advice_client_demographic_p', '60'),
(59, 1, 'advice_client_demographic_b', '40'),
(60, 1, 'client_inc_demographic_p', '50'),
(61, 1, 'client_inc_demographic_s', '50'),
(62, 1, 'client_work_demographic_w', '40'),
(63, 1, 'client_work_demographic_r', '60'),
(64, 1, 'client_occ_demographic_b', '20'),
(65, 1, 'client_occ_demographic_w', '80'),
(66, 1, 'client_lang_demographic_e', '85'),
(67, 1, 'client_lang_demographic_ne', '15'),
(68, 1, 'f_appr_age_demograhpic', '25'),
(69, 1, 's_appr_age_demograhpic', '50'),
(70, 1, 't_appr_age_demograhpic', '25'),
(71, 1, 'f_householdincome_demograhpic', '35'),
(72, 1, 's_householdincome_demograhpic', '40'),
(73, 1, 't_householdincome_demograhpic', '10'),
(74, 1, 'u_householdincome_demograhpic', '15'),
(75, 1, 'client_industry_demograhpic', 'Retail'),
(76, 1, 'client_industry_demograhpic_details', ''),
(77, 1, 'client_turnover_demograhpic', '$0 - $500,000'),
(78, 1, 'client_bussize_demograhpic', '0 - 50'),
(79, 1, 'client_buspresence_demograhpic', 'Single Location'),
(80, 1, 'nsw_region', '20'),
(81, 1, 'qld_region', '10'),
(82, 1, 'vic_region', '5'),
(83, 1, 'sa_region', '5'),
(84, 1, 'wa_region', '0'),
(85, 1, 'act_region', '10'),
(86, 1, 'tas_region', '0'),
(87, 1, 'nt_region', '10'),
(88, 1, 'nsw_rural', '5'),
(89, 1, 'qld_rural', '10'),
(90, 1, 'vic_rural', '5'),
(91, 1, 'sa_rural', '5'),
(92, 1, 'wa_rural', '10'),
(93, 1, 'act_rural', '0'),
(94, 1, 'tas_rural', '0'),
(95, 1, 'nt_rural', '5'),
(96, 3, 'businessprofile', 'Personal Accounting'),
(97, 3, 'skypeid', ''),
(98, 3, 'linkedin', ''),
(99, 3, 'qualifications', ''),
(100, 3, 'services', 'Accountant'),
(101, 3, 'officenumber', ''),
(102, 3, 'officefaxnumber', ''),
(103, 3, 'officeaddress', ''),
(104, 3, 'postal_address', ''),
(105, 3, 'business_structure', ''),
(106, 3, 'legal_trading_name', ''),
(107, 3, 'abn', ''),
(108, 3, 'acn', ''),
(109, 3, 'suburb', ''),
(110, 3, 'state', 'NSW'),
(111, 3, 'area', 'region'),
(112, 3, 'postcode', ''),
(113, 3, 'turnovertotal', '2000000'),
(114, 3, 'ongoing_commission', '40'),
(115, 3, 'new_income', '25'),
(116, 3, 'referral', '35'),
(117, 3, 'no_staffadvising', ''),
(118, 3, 'no_administratingstaff', ''),
(119, 3, 'approx_existing', '250'),
(120, 3, 'new_clients', '25'),
(121, 3, 'dm_current_sources', ''),
(122, 3, 'ctc_current_sources', ''),
(123, 3, 'erp_current_sources', ''),
(124, 3, 'office_space', 'no'),
(125, 3, 'client_meet_away', ''),
(126, 3, 'wbh_office_meeting_hours', ''),
(127, 3, 'obh_office_meeting_hours', ''),
(128, 3, 'wo_office_meeting_hours', ''),
(129, 3, 'client_record_crm', 'no'),
(130, 3, 'categorize_client', 'no'),
(131, 3, 'business_workflow', ''),
(132, 3, 'advice_client_demographic_p', '25'),
(133, 3, 'advice_client_demographic_b', '75'),
(134, 3, 'client_inc_demographic_p', '40'),
(135, 3, 'client_inc_demographic_s', '60'),
(136, 3, 'client_work_demographic_w', '90'),
(137, 3, 'client_work_demographic_r', '10'),
(138, 3, 'client_occ_demographic_b', '30'),
(139, 3, 'client_occ_demographic_w', '70'),
(140, 3, 'client_lang_demographic_e', '10'),
(141, 3, 'client_lang_demographic_ne', ''),
(142, 3, 'f_appr_age_demograhpic', '5'),
(143, 3, 's_appr_age_demograhpic', '70'),
(144, 3, 't_appr_age_demograhpic', '25'),
(145, 3, 'f_householdincome_demograhpic', '10'),
(146, 3, 's_householdincome_demograhpic', '30'),
(147, 3, 't_householdincome_demograhpic', '50'),
(148, 3, 'u_householdincome_demograhpic', '10'),
(149, 3, 'client_industry_demograhpic', 'Retail'),
(150, 3, 'client_industry_demograhpic_details', ''),
(151, 3, 'client_turnover_demograhpic', '$0 - $500,000'),
(152, 3, 'client_bussize_demograhpic', '0 - 50'),
(153, 3, 'client_buspresence_demograhpic', 'Single Location'),
(154, 3, 'nsw_region', '70'),
(155, 3, 'qld_region', '30'),
(156, 3, 'vic_region', ''),
(157, 3, 'sa_region', ''),
(158, 3, 'wa_region', ''),
(159, 3, 'act_region', ''),
(160, 3, 'tas_region', ''),
(161, 3, 'nt_region', ''),
(162, 3, 'nsw_rural', ''),
(163, 3, 'qld_rural', ''),
(164, 3, 'vic_rural', ''),
(165, 3, 'sa_rural', ''),
(166, 3, 'wa_rural', ''),
(167, 3, 'act_rural', ''),
(168, 3, 'tas_rural', ''),
(169, 3, 'nt_rural', ''),
(170, 4, 'businessprofile', 'Personal Accounting'),
(171, 4, 'skypeid', ''),
(172, 4, 'linkedin', ''),
(173, 4, 'qualifications', ''),
(174, 4, 'services', 'Accountant'),
(175, 4, 'officenumber', ''),
(176, 4, 'officefaxnumber', ''),
(177, 4, 'officeaddress', ''),
(178, 4, 'postal_address', ''),
(179, 4, 'business_structure', ''),
(180, 4, 'legal_trading_name', ''),
(181, 4, 'abn', ''),
(182, 4, 'acn', ''),
(183, 4, 'suburb', ''),
(184, 4, 'state', 'NSW'),
(185, 4, 'area', 'rural'),
(186, 4, 'postcode', ''),
(187, 4, 'turnovertotal', '3000000'),
(188, 4, 'ongoing_commission', '40'),
(189, 4, 'new_income', '30'),
(190, 4, 'referral', '30'),
(191, 4, 'no_staffadvising', ''),
(192, 4, 'no_administratingstaff', ''),
(193, 4, 'approx_existing', '700'),
(194, 4, 'new_clients', '30'),
(195, 4, 'dm_current_sources', ''),
(196, 4, 'ctc_current_sources', ''),
(197, 4, 'erp_current_sources', ''),
(198, 4, 'office_space', 'yes'),
(199, 4, 'client_meet_away', ''),
(200, 4, 'wbh_office_meeting_hours', ''),
(201, 4, 'obh_office_meeting_hours', ''),
(202, 4, 'wo_office_meeting_hours', ''),
(203, 4, 'client_record_crm', 'no'),
(204, 4, 'categorize_client', 'yes'),
(205, 4, 'business_workflow', ''),
(206, 4, 'advice_client_demographic_p', '50'),
(207, 4, 'advice_client_demographic_b', '50'),
(208, 4, 'client_inc_demographic_p', '5'),
(209, 4, 'client_inc_demographic_s', '95'),
(210, 4, 'client_work_demographic_w', '50'),
(211, 4, 'client_work_demographic_r', '50'),
(212, 4, 'client_occ_demographic_b', '25'),
(213, 4, 'client_occ_demographic_w', '75'),
(214, 4, 'client_lang_demographic_e', '70'),
(215, 4, 'client_lang_demographic_ne', '30'),
(216, 4, 'f_appr_age_demograhpic', '25'),
(217, 4, 's_appr_age_demograhpic', '75'),
(218, 4, 't_appr_age_demograhpic', '0'),
(219, 4, 'f_householdincome_demograhpic', '70'),
(220, 4, 's_householdincome_demograhpic', '25'),
(221, 4, 't_householdincome_demograhpic', '5'),
(222, 4, 'u_householdincome_demograhpic', ''),
(223, 4, 'client_industry_demograhpic', 'Retail'),
(224, 4, 'client_industry_demograhpic_details', ''),
(225, 4, 'client_turnover_demograhpic', '$0 - $500,000'),
(226, 4, 'client_bussize_demograhpic', '0 - 50'),
(227, 4, 'client_buspresence_demograhpic', 'Single Location'),
(228, 4, 'nsw_region', ''),
(229, 4, 'qld_region', ''),
(230, 4, 'vic_region', '50'),
(231, 4, 'sa_region', '50'),
(232, 4, 'wa_region', ''),
(233, 4, 'act_region', ''),
(234, 4, 'tas_region', ''),
(235, 4, 'nt_region', ''),
(236, 4, 'nsw_rural', ''),
(237, 4, 'qld_rural', ''),
(238, 4, 'vic_rural', ''),
(239, 4, 'sa_rural', ''),
(240, 4, 'wa_rural', ''),
(241, 4, 'act_rural', ''),
(242, 4, 'tas_rural', ''),
(243, 4, 'nt_rural', ''),
(244, 5, 'businessprofile', 'Personal Accounting'),
(245, 5, 'services', 'Financial Planner'),
(246, 5, 'officenumber', ''),
(247, 5, 'officefaxnumber', ''),
(248, 5, 'officeaddress', ''),
(249, 5, 'postal_address', ''),
(250, 5, 'business_structure', ''),
(251, 5, 'legal_trading_name', ''),
(252, 5, 'abn', ''),
(253, 5, 'acn', ''),
(254, 5, 'suburb', ''),
(255, 5, 'state', 'NSW'),
(256, 5, 'area', 'region'),
(257, 5, 'postcode', ''),
(258, 5, 'turnovertotal', '1100000'),
(259, 5, 'ongoing_commission', '15'),
(260, 5, 'new_income', '55'),
(261, 5, 'referral', '30'),
(262, 5, 'no_staffadvising', ''),
(263, 5, 'no_administratingstaff', ''),
(264, 5, 'approx_existing', '550'),
(265, 5, 'new_clients', '15'),
(266, 5, 'dm_current_sources', ''),
(267, 5, 'ctc_current_sources', ''),
(268, 5, 'erp_current_sources', ''),
(269, 5, 'office_space', 'no'),
(270, 5, 'client_meet_away', ''),
(271, 5, 'wbh_office_meeting_hours', ''),
(272, 5, 'obh_office_meeting_hours', ''),
(273, 5, 'wo_office_meeting_hours', ''),
(274, 5, 'client_record_crm', 'no'),
(275, 5, 'categorize_client', 'yes'),
(276, 5, 'business_workflow', ''),
(277, 5, 'advice_client_demographic_p', '30'),
(278, 5, 'advice_client_demographic_b', '70'),
(279, 5, 'client_inc_demographic_p', '25'),
(280, 5, 'client_inc_demographic_s', '75'),
(281, 5, 'client_work_demographic_w', '95'),
(282, 5, 'client_work_demographic_r', '5'),
(283, 5, 'client_occ_demographic_b', '50'),
(284, 5, 'client_occ_demographic_w', '50'),
(285, 5, 'client_lang_demographic_e', '5'),
(286, 5, 'client_lang_demographic_ne', '95'),
(287, 5, 'f_appr_age_demograhpic', '50'),
(288, 5, 's_appr_age_demograhpic', '50'),
(289, 5, 't_appr_age_demograhpic', '0'),
(290, 5, 'f_householdincome_demograhpic', '30'),
(291, 5, 's_householdincome_demograhpic', '20'),
(292, 5, 't_householdincome_demograhpic', '10'),
(293, 5, 'u_householdincome_demograhpic', '40'),
(294, 5, 'client_industry_demograhpic', 'Retail'),
(295, 5, 'client_industry_demograhpic_details', ''),
(296, 5, 'client_turnover_demograhpic', '$0 - $500,000'),
(297, 5, 'client_bussize_demograhpic', '0 - 50'),
(298, 5, 'client_buspresence_demograhpic', 'Single Location'),
(299, 5, 'nsw_region', '10'),
(300, 5, 'qld_region', '10'),
(301, 5, 'vic_region', '5'),
(302, 5, 'sa_region', '5'),
(303, 5, 'wa_region', '5'),
(304, 5, 'act_region', '10'),
(305, 5, 'tas_region', '0'),
(306, 5, 'nt_region', '10'),
(307, 5, 'nsw_rural', '10'),
(308, 5, 'qld_rural', '10'),
(309, 5, 'vic_rural', '5'),
(310, 5, 'sa_rural', '5'),
(311, 5, 'wa_rural', '5'),
(312, 5, 'act_rural', '0'),
(313, 5, 'tas_rural', '0'),
(314, 5, 'nt_rural', '10'),
(315, 6, 'businessprofile', 'Personal Accounting'),
(316, 6, 'skypeid', ''),
(317, 6, 'linkedin', ''),
(318, 6, 'qualifications', ''),
(319, 6, 'services', 'Financial Planner'),
(320, 6, 'officenumber', ''),
(321, 6, 'officefaxnumber', ''),
(322, 6, 'officeaddress', ''),
(323, 6, 'postal_address', ''),
(324, 6, 'business_structure', ''),
(325, 6, 'legal_trading_name', ''),
(326, 6, 'abn', ''),
(327, 6, 'acn', ''),
(328, 6, 'suburb', ''),
(329, 6, 'state', 'NSW'),
(330, 6, 'area', 'region'),
(331, 6, 'postcode', ''),
(332, 6, 'turnovertotal', '2100000'),
(333, 6, 'ongoing_commission', '45'),
(334, 6, 'new_income', '30'),
(335, 6, 'referral', '25'),
(336, 6, 'no_staffadvising', ''),
(337, 6, 'no_administratingstaff', ''),
(338, 6, 'approx_existing', '300'),
(339, 6, 'new_clients', '30'),
(340, 6, 'dm_current_sources', ''),
(341, 6, 'ctc_current_sources', ''),
(342, 6, 'erp_current_sources', ''),
(343, 6, 'office_space', 'yes'),
(344, 6, 'client_meet_away', ''),
(345, 6, 'wbh_office_meeting_hours', ''),
(346, 6, 'obh_office_meeting_hours', ''),
(347, 6, 'wo_office_meeting_hours', ''),
(348, 6, 'client_record_crm', 'no'),
(349, 6, 'categorize_client', 'yes'),
(350, 6, 'business_workflow', ''),
(351, 6, 'advice_client_demographic_p', '25'),
(352, 6, 'advice_client_demographic_b', '75'),
(353, 6, 'client_inc_demographic_p', '60'),
(354, 6, 'client_inc_demographic_s', '40'),
(355, 6, 'client_work_demographic_w', '75'),
(356, 6, 'client_work_demographic_r', '25'),
(357, 6, 'client_occ_demographic_b', '60'),
(358, 6, 'client_occ_demographic_w', '40'),
(359, 6, 'client_lang_demographic_e', '25'),
(360, 6, 'client_lang_demographic_ne', '75'),
(361, 6, 'f_appr_age_demograhpic', '30'),
(362, 6, 's_appr_age_demograhpic', '70'),
(363, 6, 't_appr_age_demograhpic', '0'),
(364, 6, 'f_householdincome_demograhpic', '10'),
(365, 6, 's_householdincome_demograhpic', '0'),
(366, 6, 't_householdincome_demograhpic', '0'),
(367, 6, 'u_householdincome_demograhpic', ''),
(368, 6, 'client_industry_demograhpic', 'Retail'),
(369, 6, 'client_industry_demograhpic_details', ''),
(370, 6, 'client_turnover_demograhpic', '$0 - $500,000'),
(371, 6, 'client_bussize_demograhpic', '0 - 50'),
(372, 6, 'client_buspresence_demograhpic', 'Single Location'),
(373, 6, 'nsw_region', '40'),
(374, 6, 'qld_region', ''),
(375, 6, 'vic_region', ''),
(376, 6, 'sa_region', ''),
(377, 6, 'wa_region', '25'),
(378, 6, 'act_region', ''),
(379, 6, 'tas_region', ''),
(380, 6, 'nt_region', ''),
(381, 6, 'nsw_rural', ''),
(382, 6, 'qld_rural', '35'),
(383, 6, 'vic_rural', ''),
(384, 6, 'sa_rural', ''),
(385, 6, 'wa_rural', ''),
(386, 6, 'act_rural', ''),
(387, 6, 'tas_rural', ''),
(388, 6, 'nt_rural', ''),
(389, 10, 'businessprofile', 'Personal Accounting'),
(390, 10, 'services', 'Financial Planner'),
(391, 10, 'officenumber', ''),
(392, 10, 'officefaxnumber', ''),
(393, 10, 'officeaddress', ''),
(394, 10, 'postal_address', ''),
(395, 10, 'business_structure', ''),
(396, 10, 'legal_trading_name', ''),
(397, 10, 'abn', ''),
(398, 10, 'acn', ''),
(399, 10, 'suburb', ''),
(400, 10, 'state', 'QLD'),
(401, 10, 'area', 'rural'),
(402, 10, 'postcode', ''),
(403, 10, 'turnovertotal', '3100000'),
(404, 10, 'ongoing_commission', '45'),
(405, 10, 'new_income', '35'),
(406, 10, 'referral', '20'),
(407, 10, 'no_staffadvising', ''),
(408, 10, 'no_administratingstaff', ''),
(409, 10, 'approx_existing', '650'),
(410, 10, 'new_clients', '40'),
(411, 10, 'dm_current_sources', ''),
(412, 10, 'ctc_current_sources', ''),
(413, 10, 'erp_current_sources', ''),
(414, 10, 'office_space', 'yes'),
(415, 10, 'client_meet_away', ''),
(416, 10, 'wbh_office_meeting_hours', ''),
(417, 10, 'obh_office_meeting_hours', ''),
(418, 10, 'wo_office_meeting_hours', ''),
(419, 10, 'client_record_crm', 'no'),
(420, 10, 'categorize_client', 'no'),
(421, 10, 'business_workflow', ''),
(422, 10, 'advice_client_demographic_p', '70'),
(423, 10, 'advice_client_demographic_b', '30'),
(424, 10, 'client_inc_demographic_p', '25'),
(425, 10, 'client_inc_demographic_s', '75'),
(426, 10, 'client_work_demographic_w', '60'),
(427, 10, 'client_work_demographic_r', '40'),
(428, 10, 'client_occ_demographic_b', '25'),
(429, 10, 'client_occ_demographic_w', '75'),
(430, 10, 'client_lang_demographic_e', '5'),
(431, 10, 'client_lang_demographic_ne', '95'),
(432, 10, 'f_appr_age_demograhpic', '20'),
(433, 10, 's_appr_age_demograhpic', '70'),
(434, 10, 't_appr_age_demograhpic', '10'),
(435, 10, 'f_householdincome_demograhpic', '70'),
(436, 10, 's_householdincome_demograhpic', '10'),
(437, 10, 't_householdincome_demograhpic', '20'),
(438, 10, 'u_householdincome_demograhpic', ''),
(439, 10, 'client_industry_demograhpic', 'Retail'),
(440, 10, 'client_industry_demograhpic_details', ''),
(441, 10, 'client_turnover_demograhpic', '$0 - $500,000'),
(442, 10, 'client_bussize_demograhpic', '0 - 50'),
(443, 10, 'client_buspresence_demograhpic', 'Single Location'),
(444, 10, 'nsw_region', ''),
(445, 10, 'qld_region', ''),
(446, 10, 'vic_region', ''),
(447, 10, 'sa_region', ''),
(448, 10, 'wa_region', ''),
(449, 10, 'act_region', ''),
(450, 10, 'tas_region', ''),
(451, 10, 'nt_region', ''),
(452, 10, 'nsw_rural', ''),
(453, 10, 'qld_rural', ''),
(454, 10, 'vic_rural', ''),
(455, 10, 'sa_rural', ''),
(456, 10, 'wa_rural', ''),
(457, 10, 'act_rural', ''),
(458, 10, 'tas_rural', ''),
(459, 10, 'nt_rural', ''),
(460, 11, 'businessprofile', 'Personal Accounting'),
(461, 11, 'services', 'Mortgage Broker'),
(462, 11, 'officenumber', ''),
(463, 11, 'officefaxnumber', ''),
(464, 11, 'officeaddress', ''),
(465, 11, 'postal_address', ''),
(466, 11, 'business_structure', ''),
(467, 11, 'legal_trading_name', ''),
(468, 11, 'abn', ''),
(469, 11, 'acn', ''),
(470, 11, 'suburb', ''),
(471, 11, 'state', 'VIC'),
(472, 11, 'area', 'region'),
(473, 11, 'postcode', ''),
(474, 11, 'turnovertotal', '1200000'),
(475, 11, 'ongoing_commission', '60'),
(476, 11, 'new_income', '25'),
(477, 11, 'referral', '15'),
(478, 11, 'no_staffadvising', ''),
(479, 11, 'no_administratingstaff', ''),
(480, 11, 'approx_existing', '150'),
(481, 11, 'new_clients', '5'),
(482, 11, 'dm_current_sources', ''),
(483, 11, 'ctc_current_sources', ''),
(484, 11, 'erp_current_sources', ''),
(485, 11, 'office_space', 'yes'),
(486, 11, 'client_meet_away', ''),
(487, 11, 'wbh_office_meeting_hours', ''),
(488, 11, 'obh_office_meeting_hours', ''),
(489, 11, 'wo_office_meeting_hours', ''),
(490, 11, 'client_record_crm', 'no'),
(491, 11, 'categorize_client', 'yes'),
(492, 11, 'business_workflow', ''),
(493, 11, 'advice_client_demographic_p', '50'),
(494, 11, 'advice_client_demographic_b', '50'),
(495, 11, 'client_inc_demographic_p', '40'),
(496, 11, 'client_inc_demographic_s', '60'),
(497, 11, 'client_work_demographic_w', '20'),
(498, 11, 'client_work_demographic_r', '80'),
(499, 11, 'client_occ_demographic_b', '40'),
(500, 11, 'client_occ_demographic_w', '60'),
(501, 11, 'client_lang_demographic_e', '60'),
(502, 11, 'client_lang_demographic_ne', '40'),
(503, 11, 'f_appr_age_demograhpic', '10'),
(504, 11, 's_appr_age_demograhpic', '10'),
(505, 11, 't_appr_age_demograhpic', '80'),
(506, 11, 'f_householdincome_demograhpic', '5'),
(507, 11, 's_householdincome_demograhpic', '5'),
(508, 11, 't_householdincome_demograhpic', '90'),
(509, 11, 'u_householdincome_demograhpic', ''),
(510, 11, 'client_industry_demograhpic', 'Retail'),
(511, 11, 'client_industry_demograhpic_details', ''),
(512, 11, 'client_turnover_demograhpic', '$0 - $500,000'),
(513, 11, 'client_bussize_demograhpic', '0 - 50'),
(514, 11, 'client_buspresence_demograhpic', 'Single Location'),
(515, 11, 'nsw_region', ''),
(516, 11, 'qld_region', ''),
(517, 11, 'vic_region', ''),
(518, 11, 'sa_region', ''),
(519, 11, 'wa_region', ''),
(520, 11, 'act_region', ''),
(521, 11, 'tas_region', ''),
(522, 11, 'nt_region', ''),
(523, 11, 'nsw_rural', ''),
(524, 11, 'qld_rural', ''),
(525, 11, 'vic_rural', ''),
(526, 11, 'sa_rural', ''),
(527, 11, 'wa_rural', ''),
(528, 11, 'act_rural', ''),
(529, 11, 'tas_rural', ''),
(530, 11, 'nt_rural', ''),
(531, 12, 'businessprofile', 'Personal Accounting'),
(532, 12, 'skypeid', ''),
(533, 12, 'linkedin', ''),
(534, 12, 'qualifications', ''),
(535, 12, 'services', 'Mortgage Broker'),
(536, 12, 'officenumber', ''),
(537, 12, 'officefaxnumber', ''),
(538, 12, 'officeaddress', ''),
(539, 12, 'postal_address', ''),
(540, 12, 'business_structure', ''),
(541, 12, 'legal_trading_name', ''),
(542, 12, 'abn', ''),
(543, 12, 'acn', ''),
(544, 12, 'suburb', ''),
(545, 12, 'state', 'NSW'),
(546, 12, 'area', 'region'),
(547, 12, 'postcode', ''),
(548, 12, 'turnovertotal', '2200000'),
(549, 12, 'ongoing_commission', '40'),
(550, 12, 'new_income', '35'),
(551, 12, 'referral', '25'),
(552, 12, 'no_staffadvising', ''),
(553, 12, 'no_administratingstaff', ''),
(554, 12, 'approx_existing', '50'),
(555, 12, 'new_clients', '8'),
(556, 12, 'dm_current_sources', ''),
(557, 12, 'ctc_current_sources', ''),
(558, 12, 'erp_current_sources', ''),
(559, 12, 'office_space', 'no'),
(560, 12, 'client_meet_away', ''),
(561, 12, 'wbh_office_meeting_hours', ''),
(562, 12, 'obh_office_meeting_hours', ''),
(563, 12, 'wo_office_meeting_hours', ''),
(564, 12, 'client_record_crm', 'yes'),
(565, 12, 'categorize_client', 'no'),
(566, 12, 'business_workflow', ''),
(567, 12, 'advice_client_demographic_p', '40'),
(568, 12, 'advice_client_demographic_b', '60'),
(569, 12, 'client_inc_demographic_p', '50'),
(570, 12, 'client_inc_demographic_s', '50'),
(571, 12, 'client_work_demographic_w', '50'),
(572, 12, 'client_work_demographic_r', '50'),
(573, 12, 'client_occ_demographic_b', '40'),
(574, 12, 'client_occ_demographic_w', '60'),
(575, 12, 'client_lang_demographic_e', '25'),
(576, 12, 'client_lang_demographic_ne', '75'),
(577, 12, 'f_appr_age_demograhpic', '10'),
(578, 12, 's_appr_age_demograhpic', '90'),
(579, 12, 't_appr_age_demograhpic', '0'),
(580, 12, 'f_householdincome_demograhpic', '10'),
(581, 12, 's_householdincome_demograhpic', '20'),
(582, 12, 't_householdincome_demograhpic', '70'),
(583, 12, 'u_householdincome_demograhpic', ''),
(584, 12, 'client_industry_demograhpic', 'Retail'),
(585, 12, 'client_industry_demograhpic_details', ''),
(586, 12, 'client_turnover_demograhpic', '$0 - $500,000'),
(587, 12, 'client_bussize_demograhpic', '0 - 50'),
(588, 12, 'client_buspresence_demograhpic', 'Single Location'),
(589, 12, 'nsw_region', '50'),
(590, 12, 'qld_region', ''),
(591, 12, 'vic_region', ''),
(592, 12, 'sa_region', ''),
(593, 12, 'wa_region', ''),
(594, 12, 'act_region', ''),
(595, 12, 'tas_region', ''),
(596, 12, 'nt_region', ''),
(597, 12, 'nsw_rural', '50'),
(598, 12, 'qld_rural', ''),
(599, 12, 'vic_rural', ''),
(600, 12, 'sa_rural', ''),
(601, 12, 'wa_rural', ''),
(602, 12, 'act_rural', ''),
(603, 12, 'tas_rural', ''),
(604, 12, 'nt_rural', ''),
(605, 13, 'businessprofile', 'Personal Accounting'),
(606, 13, 'services', 'Mortgage Broker'),
(607, 13, 'officenumber', ''),
(608, 13, 'officefaxnumber', ''),
(609, 13, 'officeaddress', ''),
(610, 13, 'postal_address', ''),
(611, 13, 'business_structure', ''),
(612, 13, 'legal_trading_name', ''),
(613, 13, 'abn', ''),
(614, 13, 'acn', ''),
(615, 13, 'suburb', ''),
(616, 13, 'state', 'QLD'),
(617, 13, 'area', 'rural'),
(618, 13, 'postcode', ''),
(619, 13, 'turnovertotal', '3200000'),
(620, 13, 'ongoing_commission', '50'),
(621, 13, 'new_income', '45'),
(622, 13, 'referral', '9'),
(623, 13, 'no_staffadvising', ''),
(624, 13, 'no_administratingstaff', ''),
(625, 13, 'approx_existing', '300'),
(626, 13, 'new_clients', '10'),
(627, 13, 'dm_current_sources', ''),
(628, 13, 'ctc_current_sources', ''),
(629, 13, 'erp_current_sources', ''),
(630, 13, 'office_space', 'yes'),
(631, 13, 'client_meet_away', ''),
(632, 13, 'wbh_office_meeting_hours', ''),
(633, 13, 'obh_office_meeting_hours', ''),
(634, 13, 'wo_office_meeting_hours', ''),
(635, 13, 'client_record_crm', 'yes'),
(636, 13, 'categorize_client', 'no'),
(637, 13, 'business_workflow', ''),
(638, 13, 'advice_client_demographic_p', '25'),
(639, 13, 'advice_client_demographic_b', '75'),
(640, 13, 'client_inc_demographic_p', '95'),
(641, 13, 'client_inc_demographic_s', '5'),
(642, 13, 'client_work_demographic_w', '25'),
(643, 13, 'client_work_demographic_r', '75'),
(644, 13, 'client_occ_demographic_b', '5'),
(645, 13, 'client_occ_demographic_w', '95'),
(646, 13, 'client_lang_demographic_e', '50'),
(647, 13, 'client_lang_demographic_ne', '50'),
(648, 13, 'f_appr_age_demograhpic', '40'),
(649, 13, 's_appr_age_demograhpic', '10'),
(650, 13, 't_appr_age_demograhpic', '50'),
(651, 13, 'f_householdincome_demograhpic', '30'),
(652, 13, 's_householdincome_demograhpic', '70'),
(653, 13, 't_householdincome_demograhpic', '0'),
(654, 13, 'u_householdincome_demograhpic', ''),
(655, 13, 'client_industry_demograhpic', 'Retail'),
(656, 13, 'client_industry_demograhpic_details', ''),
(657, 13, 'client_turnover_demograhpic', '$0 - $500,000'),
(658, 13, 'client_bussize_demograhpic', '0 - 50'),
(659, 13, 'client_buspresence_demograhpic', 'Single Location'),
(660, 13, 'nsw_region', ''),
(661, 13, 'qld_region', ''),
(662, 13, 'vic_region', ''),
(663, 13, 'sa_region', ''),
(664, 13, 'wa_region', ''),
(665, 13, 'act_region', ''),
(666, 13, 'tas_region', ''),
(667, 13, 'nt_region', ''),
(668, 13, 'nsw_rural', ''),
(669, 13, 'qld_rural', ''),
(670, 13, 'vic_rural', ''),
(671, 13, 'sa_rural', ''),
(672, 13, 'wa_rural', ''),
(673, 13, 'act_rural', ''),
(674, 13, 'tas_rural', ''),
(675, 13, 'nt_rural', ''),
(676, 14, 'businessprofile', 'Personal Accounting'),
(677, 14, 'services', 'General Insurance Broker'),
(678, 14, 'officenumber', ''),
(679, 14, 'officefaxnumber', ''),
(680, 14, 'officeaddress', ''),
(681, 14, 'postal_address', ''),
(682, 14, 'business_structure', ''),
(683, 14, 'legal_trading_name', ''),
(684, 14, 'abn', ''),
(685, 14, 'acn', ''),
(686, 14, 'suburb', ''),
(687, 14, 'state', 'VIC'),
(688, 14, 'area', 'region'),
(689, 14, 'postcode', ''),
(690, 14, 'turnovertotal', '1300000'),
(691, 14, 'ongoing_commission', '25'),
(692, 14, 'new_income', '15'),
(693, 14, 'referral', '60'),
(694, 14, 'no_staffadvising', ''),
(695, 14, 'no_administratingstaff', ''),
(696, 14, 'approx_existing', '75'),
(697, 14, 'new_clients', '3'),
(698, 14, 'dm_current_sources', ''),
(699, 14, 'ctc_current_sources', ''),
(700, 14, 'erp_current_sources', ''),
(701, 14, 'office_space', 'no'),
(702, 14, 'client_meet_away', ''),
(703, 14, 'wbh_office_meeting_hours', ''),
(704, 14, 'obh_office_meeting_hours', ''),
(705, 14, 'wo_office_meeting_hours', ''),
(706, 14, 'client_record_crm', 'yes'),
(707, 14, 'categorize_client', 'yes'),
(708, 14, 'business_workflow', ''),
(709, 14, 'advice_client_demographic_p', '70'),
(710, 14, 'advice_client_demographic_b', '30'),
(711, 14, 'client_inc_demographic_p', '75'),
(712, 14, 'client_inc_demographic_s', '25'),
(713, 14, 'client_work_demographic_w', '50'),
(714, 14, 'client_work_demographic_r', '50'),
(715, 14, 'client_occ_demographic_b', '60'),
(716, 14, 'client_occ_demographic_w', '40'),
(717, 14, 'client_lang_demographic_e', '30'),
(718, 14, 'client_lang_demographic_ne', '70'),
(719, 14, 'f_appr_age_demograhpic', '70'),
(720, 14, 's_appr_age_demograhpic', '25'),
(721, 14, 't_appr_age_demograhpic', '5'),
(722, 14, 'f_householdincome_demograhpic', '20'),
(723, 14, 's_householdincome_demograhpic', '70'),
(724, 14, 't_householdincome_demograhpic', '10'),
(725, 14, 'u_householdincome_demograhpic', ''),
(726, 14, 'client_industry_demograhpic', 'Retail'),
(727, 14, 'client_industry_demograhpic_details', ''),
(728, 14, 'client_turnover_demograhpic', '$0 - $500,000'),
(729, 14, 'client_bussize_demograhpic', '0 - 50'),
(730, 14, 'client_buspresence_demograhpic', 'Single Location'),
(731, 14, 'nsw_region', ''),
(732, 14, 'qld_region', ''),
(733, 14, 'vic_region', '10'),
(734, 14, 'sa_region', ''),
(735, 14, 'wa_region', ''),
(736, 14, 'act_region', ''),
(737, 14, 'tas_region', ''),
(738, 14, 'nt_region', ''),
(739, 14, 'nsw_rural', ''),
(740, 14, 'qld_rural', ''),
(741, 14, 'vic_rural', ''),
(742, 14, 'sa_rural', ''),
(743, 14, 'wa_rural', ''),
(744, 14, 'act_rural', ''),
(745, 14, 'tas_rural', ''),
(746, 14, 'nt_rural', ''),
(747, 15, 'businessprofile', 'Personal Accounting'),
(748, 15, 'services', 'General Insurance Broker'),
(749, 15, 'officenumber', ''),
(750, 15, 'officefaxnumber', ''),
(751, 15, 'officeaddress', ''),
(752, 15, 'postal_address', ''),
(753, 15, 'business_structure', ''),
(754, 15, 'legal_trading_name', ''),
(755, 15, 'abn', ''),
(756, 15, 'acn', ''),
(757, 15, 'suburb', ''),
(758, 15, 'state', 'NSW'),
(759, 15, 'area', 'region'),
(760, 15, 'postcode', ''),
(761, 15, 'turnovertotal', '2300000'),
(762, 15, 'ongoing_commission', '10'),
(763, 15, 'new_income', '70'),
(764, 15, 'referral', '20'),
(765, 15, 'no_staffadvising', ''),
(766, 15, 'no_administratingstaff', ''),
(767, 15, 'approx_existing', '80'),
(768, 15, 'new_clients', '4'),
(769, 15, 'dm_current_sources', ''),
(770, 15, 'ctc_current_sources', ''),
(771, 15, 'erp_current_sources', ''),
(772, 15, 'office_space', 'yes'),
(773, 15, 'client_meet_away', ''),
(774, 15, 'wbh_office_meeting_hours', ''),
(775, 15, 'obh_office_meeting_hours', ''),
(776, 15, 'wo_office_meeting_hours', ''),
(777, 15, 'client_record_crm', 'yes'),
(778, 15, 'categorize_client', 'yes'),
(779, 15, 'business_workflow', ''),
(780, 15, 'advice_client_demographic_p', '5'),
(781, 15, 'advice_client_demographic_b', '95'),
(782, 15, 'client_inc_demographic_p', '40'),
(783, 15, 'client_inc_demographic_s', '60'),
(784, 15, 'client_work_demographic_w', '60'),
(785, 15, 'client_work_demographic_r', '40'),
(786, 15, 'client_occ_demographic_b', '25'),
(787, 15, 'client_occ_demographic_w', '75'),
(788, 15, 'client_lang_demographic_e', '85'),
(789, 15, 'client_lang_demographic_ne', '15'),
(790, 15, 'f_appr_age_demograhpic', '90'),
(791, 15, 's_appr_age_demograhpic', '0'),
(792, 15, 't_appr_age_demograhpic', '10'),
(793, 15, 'f_householdincome_demograhpic', '10'),
(794, 15, 's_householdincome_demograhpic', '10'),
(795, 15, 't_householdincome_demograhpic', '80'),
(796, 15, 'u_householdincome_demograhpic', ''),
(797, 15, 'client_industry_demograhpic', 'Retail'),
(798, 15, 'client_industry_demograhpic_details', ''),
(799, 15, 'client_turnover_demograhpic', '$0 - $500,000'),
(800, 15, 'client_bussize_demograhpic', '0 - 50'),
(801, 15, 'client_buspresence_demograhpic', 'Single Location'),
(802, 15, 'nsw_region', '80'),
(803, 15, 'qld_region', ''),
(804, 15, 'vic_region', ''),
(805, 15, 'sa_region', ''),
(806, 15, 'wa_region', ''),
(807, 15, 'act_region', ''),
(808, 15, 'tas_region', ''),
(809, 15, 'nt_region', ''),
(810, 15, 'nsw_rural', '10'),
(811, 15, 'qld_rural', ''),
(812, 15, 'vic_rural', ''),
(813, 15, 'sa_rural', ''),
(814, 15, 'wa_rural', ''),
(815, 15, 'act_rural', ''),
(816, 15, 'tas_rural', ''),
(817, 15, 'nt_rural', ''),
(818, 16, 'businessprofile', 'Personal Accounting'),
(819, 16, 'services', 'General Insurance Broker'),
(820, 16, 'officenumber', ''),
(821, 16, 'officefaxnumber', ''),
(822, 16, 'officeaddress', ''),
(823, 16, 'postal_address', ''),
(824, 16, 'business_structure', ''),
(825, 16, 'legal_trading_name', ''),
(826, 16, 'abn', ''),
(827, 16, 'acn', ''),
(828, 16, 'suburb', ''),
(829, 16, 'state', 'QLD'),
(830, 16, 'area', 'rural'),
(831, 16, 'postcode', ''),
(832, 16, 'turnovertotal', '3300000'),
(833, 16, 'ongoing_commission', '25'),
(834, 16, 'new_income', '45'),
(835, 16, 'referral', '30'),
(836, 16, 'no_staffadvising', ''),
(837, 16, 'no_administratingstaff', ''),
(838, 16, 'approx_existing', '175'),
(839, 16, 'new_clients', '6'),
(840, 16, 'dm_current_sources', ''),
(841, 16, 'ctc_current_sources', ''),
(842, 16, 'erp_current_sources', ''),
(843, 16, 'office_space', 'no'),
(844, 16, 'client_meet_away', ''),
(845, 16, 'wbh_office_meeting_hours', ''),
(846, 16, 'obh_office_meeting_hours', ''),
(847, 16, 'wo_office_meeting_hours', ''),
(848, 16, 'client_record_crm', 'yes'),
(849, 16, 'categorize_client', 'yes'),
(850, 16, 'business_workflow', ''),
(851, 16, 'advice_client_demographic_p', '25'),
(852, 16, 'advice_client_demographic_b', '75'),
(853, 16, 'client_inc_demographic_p', '20'),
(854, 16, 'client_inc_demographic_s', '80'),
(855, 16, 'client_work_demographic_w', '25'),
(856, 16, 'client_work_demographic_r', '75'),
(857, 16, 'client_occ_demographic_b', '40'),
(858, 16, 'client_occ_demographic_w', '60'),
(859, 16, 'client_lang_demographic_e', '10'),
(860, 16, 'client_lang_demographic_ne', '0'),
(861, 16, 'f_appr_age_demograhpic', '10'),
(862, 16, 's_appr_age_demograhpic', '0'),
(863, 16, 't_appr_age_demograhpic', '0'),
(864, 16, 'f_householdincome_demograhpic', '10'),
(865, 16, 's_householdincome_demograhpic', '90'),
(866, 16, 't_householdincome_demograhpic', '0'),
(867, 16, 'u_householdincome_demograhpic', ''),
(868, 16, 'client_industry_demograhpic', 'Retail'),
(869, 16, 'client_industry_demograhpic_details', ''),
(870, 16, 'client_turnover_demograhpic', '$0 - $500,000'),
(871, 16, 'client_bussize_demograhpic', '0 - 50'),
(872, 16, 'client_buspresence_demograhpic', 'Single Location'),
(873, 16, 'nsw_region', ''),
(874, 16, 'qld_region', '50'),
(875, 16, 'vic_region', ''),
(876, 16, 'sa_region', ''),
(877, 16, 'wa_region', ''),
(878, 16, 'act_region', ''),
(879, 16, 'tas_region', ''),
(880, 16, 'nt_region', ''),
(881, 16, 'nsw_rural', ''),
(882, 16, 'qld_rural', '50'),
(883, 16, 'vic_rural', ''),
(884, 16, 'sa_rural', ''),
(885, 16, 'wa_rural', ''),
(886, 16, 'act_rural', ''),
(887, 16, 'tas_rural', ''),
(888, 16, 'nt_rural', ''),
(889, 17, 'businessprofile', 'Personal Accounting'),
(890, 17, 'services', 'Solicitor'),
(891, 17, 'officenumber', ''),
(892, 17, 'officefaxnumber', ''),
(893, 17, 'officeaddress', ''),
(894, 17, 'postal_address', ''),
(895, 17, 'business_structure', ''),
(896, 17, 'legal_trading_name', ''),
(897, 17, 'abn', ''),
(898, 17, 'acn', ''),
(899, 17, 'suburb', ''),
(900, 17, 'state', 'VIC'),
(901, 17, 'area', 'region'),
(902, 17, 'postcode', ''),
(903, 17, 'turnovertotal', '1400000'),
(904, 17, 'ongoing_commission', '10'),
(905, 17, 'new_income', '40'),
(906, 17, 'referral', '50'),
(907, 17, 'no_staffadvising', ''),
(908, 17, 'no_administratingstaff', ''),
(909, 17, 'approx_existing', '250'),
(910, 17, 'new_clients', '11'),
(911, 17, 'dm_current_sources', ''),
(912, 17, 'ctc_current_sources', ''),
(913, 17, 'erp_current_sources', ''),
(914, 17, 'office_space', 'yes'),
(915, 17, 'client_meet_away', ''),
(916, 17, 'wbh_office_meeting_hours', ''),
(917, 17, 'obh_office_meeting_hours', ''),
(918, 17, 'wo_office_meeting_hours', ''),
(919, 17, 'client_record_crm', 'yes'),
(920, 17, 'categorize_client', 'no'),
(921, 17, 'business_workflow', ''),
(922, 17, 'advice_client_demographic_p', '50'),
(923, 17, 'advice_client_demographic_b', '50'),
(924, 17, 'client_inc_demographic_p', '50'),
(925, 17, 'client_inc_demographic_s', '50'),
(926, 17, 'client_work_demographic_w', '40'),
(927, 17, 'client_work_demographic_r', '60'),
(928, 17, 'client_occ_demographic_b', '50'),
(929, 17, 'client_occ_demographic_w', '50'),
(930, 17, 'client_lang_demographic_e', '25'),
(931, 17, 'client_lang_demographic_ne', '75'),
(932, 17, 'f_appr_age_demograhpic', '70'),
(933, 17, 's_appr_age_demograhpic', '10'),
(934, 17, 't_appr_age_demograhpic', '20'),
(935, 17, 'f_householdincome_demograhpic', '5'),
(936, 17, 's_householdincome_demograhpic', '70'),
(937, 17, 't_householdincome_demograhpic', '20'),
(938, 17, 'u_householdincome_demograhpic', ''),
(939, 17, 'client_industry_demograhpic', 'Retail'),
(940, 17, 'client_industry_demograhpic_details', ''),
(941, 17, 'client_turnover_demograhpic', '$0 - $500,000'),
(942, 17, 'client_bussize_demograhpic', '0 - 50'),
(943, 17, 'client_buspresence_demograhpic', 'Single Location'),
(944, 17, 'nsw_region', ''),
(945, 17, 'qld_region', ''),
(946, 17, 'vic_region', '10'),
(947, 17, 'sa_region', ''),
(948, 17, 'wa_region', ''),
(949, 17, 'act_region', ''),
(950, 17, 'tas_region', ''),
(951, 17, 'nt_region', ''),
(952, 17, 'nsw_rural', ''),
(953, 17, 'qld_rural', ''),
(954, 17, 'vic_rural', '90'),
(955, 17, 'sa_rural', ''),
(956, 17, 'wa_rural', ''),
(957, 17, 'act_rural', ''),
(958, 17, 'tas_rural', ''),
(959, 17, 'nt_rural', ''),
(960, 18, 'businessprofile', 'Personal Accounting'),
(961, 18, 'services', 'Solicitor'),
(962, 18, 'officenumber', ''),
(963, 18, 'officefaxnumber', ''),
(964, 18, 'officeaddress', ''),
(965, 18, 'postal_address', ''),
(966, 18, 'business_structure', ''),
(967, 18, 'legal_trading_name', ''),
(968, 18, 'abn', ''),
(969, 18, 'acn', ''),
(970, 18, 'suburb', ''),
(971, 18, 'state', 'NSW'),
(972, 18, 'area', 'region'),
(973, 18, 'postcode', ''),
(974, 18, 'turnovertotal', '2400000'),
(975, 18, 'ongoing_commission', '5'),
(976, 18, 'new_income', '80'),
(977, 18, 'referral', '15'),
(978, 18, 'no_staffadvising', ''),
(979, 18, 'no_administratingstaff', ''),
(980, 18, 'approx_existing', '400'),
(981, 18, 'new_clients', '18'),
(982, 18, 'dm_current_sources', ''),
(983, 18, 'ctc_current_sources', ''),
(984, 18, 'erp_current_sources', ''),
(985, 18, 'office_space', 'yes'),
(986, 18, 'client_meet_away', ''),
(987, 18, 'wbh_office_meeting_hours', ''),
(988, 18, 'obh_office_meeting_hours', ''),
(989, 18, 'wo_office_meeting_hours', ''),
(990, 18, 'client_record_crm', 'yes'),
(991, 18, 'categorize_client', 'no'),
(992, 18, 'business_workflow', ''),
(993, 18, 'advice_client_demographic_p', '30'),
(994, 18, 'advice_client_demographic_b', '70'),
(995, 18, 'client_inc_demographic_p', '25'),
(996, 18, 'client_inc_demographic_s', '75'),
(997, 18, 'client_work_demographic_w', '40'),
(998, 18, 'client_work_demographic_r', '60'),
(999, 18, 'client_occ_demographic_b', '10'),
(1000, 18, 'client_occ_demographic_w', '90'),
(1001, 18, 'client_lang_demographic_e', '40'),
(1002, 18, 'client_lang_demographic_ne', '60'),
(1003, 18, 'f_appr_age_demograhpic', '5'),
(1004, 18, 's_appr_age_demograhpic', '5'),
(1005, 18, 't_appr_age_demograhpic', '90'),
(1006, 18, 'f_householdincome_demograhpic', '25'),
(1007, 18, 's_householdincome_demograhpic', '75'),
(1008, 18, 't_householdincome_demograhpic', '0'),
(1009, 18, 'u_householdincome_demograhpic', ''),
(1010, 18, 'client_industry_demograhpic', 'Retail'),
(1011, 18, 'client_industry_demograhpic_details', ''),
(1012, 18, 'client_turnover_demograhpic', '$0 - $500,000'),
(1013, 18, 'client_bussize_demograhpic', '0 - 50'),
(1014, 18, 'client_buspresence_demograhpic', 'Single Location'),
(1015, 18, 'nsw_region', '80'),
(1016, 18, 'qld_region', ''),
(1017, 18, 'vic_region', ''),
(1018, 18, 'sa_region', ''),
(1019, 18, 'wa_region', ''),
(1020, 18, 'act_region', ''),
(1021, 18, 'tas_region', ''),
(1022, 18, 'nt_region', ''),
(1023, 18, 'nsw_rural', '20'),
(1024, 18, 'qld_rural', ''),
(1025, 18, 'vic_rural', ''),
(1026, 18, 'sa_rural', ''),
(1027, 18, 'wa_rural', ''),
(1028, 18, 'act_rural', ''),
(1029, 18, 'tas_rural', ''),
(1030, 18, 'nt_rural', ''),
(1031, 19, 'businessprofile', 'Personal Accounting'),
(1032, 19, 'services', 'Book-keeper'),
(1033, 19, 'officenumber', ''),
(1034, 19, 'officefaxnumber', ''),
(1035, 19, 'officeaddress', ''),
(1036, 19, 'postal_address', ''),
(1037, 19, 'business_structure', ''),
(1038, 19, 'legal_trading_name', ''),
(1039, 19, 'abn', ''),
(1040, 19, 'acn', ''),
(1041, 19, 'suburb', ''),
(1042, 19, 'state', 'QLD'),
(1043, 19, 'area', 'rural'),
(1044, 19, 'postcode', ''),
(1045, 19, 'turnovertotal', '3400000'),
(1046, 19, 'ongoing_commission', '5'),
(1047, 19, 'new_income', '20'),
(1048, 19, 'referral', '75'),
(1049, 19, 'no_staffadvising', ''),
(1050, 19, 'no_administratingstaff', ''),
(1051, 19, 'approx_existing', '350'),
(1052, 19, 'new_clients', '22'),
(1053, 19, 'dm_current_sources', ''),
(1054, 19, 'ctc_current_sources', ''),
(1055, 19, 'erp_current_sources', ''),
(1056, 19, 'office_space', 'yes'),
(1057, 19, 'client_meet_away', ''),
(1058, 19, 'wbh_office_meeting_hours', ''),
(1059, 19, 'obh_office_meeting_hours', ''),
(1060, 19, 'wo_office_meeting_hours', ''),
(1061, 19, 'client_record_crm', 'no'),
(1062, 19, 'categorize_client', 'yes'),
(1063, 19, 'business_workflow', ''),
(1064, 19, 'advice_client_demographic_p', '50'),
(1065, 19, 'advice_client_demographic_b', '50'),
(1066, 19, 'client_inc_demographic_p', '50'),
(1067, 19, 'client_inc_demographic_s', '50'),
(1068, 19, 'client_work_demographic_w', '5'),
(1069, 19, 'client_work_demographic_r', '95'),
(1070, 19, 'client_occ_demographic_b', '30'),
(1071, 19, 'client_occ_demographic_w', '70'),
(1072, 19, 'client_lang_demographic_e', '40'),
(1073, 19, 'client_lang_demographic_ne', '60'),
(1074, 19, 'f_appr_age_demograhpic', '10'),
(1075, 19, 's_appr_age_demograhpic', '20'),
(1076, 19, 't_appr_age_demograhpic', '70'),
(1077, 19, 'f_householdincome_demograhpic', '25'),
(1078, 19, 's_householdincome_demograhpic', '75'),
(1079, 19, 't_householdincome_demograhpic', '0'),
(1080, 19, 'u_householdincome_demograhpic', ''),
(1081, 19, 'client_industry_demograhpic', 'Retail'),
(1082, 19, 'client_industry_demograhpic_details', ''),
(1083, 19, 'client_turnover_demograhpic', '$0 - $500,000'),
(1084, 19, 'client_bussize_demograhpic', '0 - 50'),
(1085, 19, 'client_buspresence_demograhpic', 'Single Location'),
(1086, 19, 'nsw_region', ''),
(1087, 19, 'qld_region', '75'),
(1088, 19, 'vic_region', ''),
(1089, 19, 'sa_region', ''),
(1090, 19, 'wa_region', ''),
(1091, 19, 'act_region', ''),
(1092, 19, 'tas_region', ''),
(1093, 19, 'nt_region', ''),
(1094, 19, 'nsw_rural', ''),
(1095, 19, 'qld_rural', '25'),
(1096, 19, 'vic_rural', ''),
(1097, 19, 'sa_rural', ''),
(1098, 19, 'wa_rural', ''),
(1099, 19, 'act_rural', ''),
(1100, 19, 'tas_rural', ''),
(1101, 19, 'nt_rural', ''),
(1102, 1, 'average_inc_cilent', '150'),
(1103, 1, 'fixed_min_fee', ''),
(1104, 1, 'fixed_min_fee_value', '10'),
(1105, 1, 'consultation_fee', ''),
(1106, 1, 'consultation_fee_value', ''),
(1107, 1, 'advice_preparation_fee', ''),
(1108, 1, 'advice_preparation_fee_value', '3500'),
(1109, 1, 'portoin_fee', ''),
(1110, 1, 'portoin_fee_value', '400'),
(1111, 1, 'credit_pay_terms', '14 Days'),
(1112, 1, 'commission_paid', ''),
(1113, 1, 'commission_paid_value', ''),
(1114, 1, 'percentage_based_commission', ''),
(1115, 1, 'percentage_based_commission_value', ''),
(1116, 1, 'reimburse_fee', ''),
(1117, 1, 'reimburse_fee_value', ''),
(1118, 1, 'remuneration_fee', ''),
(1119, 1, 'remuneration_fee_value', ''),
(1120, 1, 'sale_conversionrate', 'a'),
(1121, 1, 'contacting_client', '3 Days'),
(1122, 1, 'meeting_client', '24 hrs'),
(1123, 1, 'completing_strategy', '3 Days'),
(1124, 1, 'receiving_fee_commission', '3 Days'),
(1125, 3, 'sale_conversionrate', '60'),
(1126, 3, 'contacting_client', '24 hrs'),
(1127, 3, 'meeting_client', '3 Days'),
(1128, 3, 'completing_strategy', '14 Days'),
(1129, 3, 'receiving_fee_commission', '30 Days  '),
(1130, 3, 'average_inc_cilent', '3500'),
(1131, 3, 'fixed_min_fee', ''),
(1132, 3, 'fixed_min_fee_value', '400'),
(1133, 3, 'consultation_fee', ''),
(1134, 3, 'consultation_fee_value', ''),
(1135, 3, 'advice_preparation_fee', ''),
(1136, 3, 'advice_preparation_fee_value', '4000'),
(1137, 3, 'portoin_fee', ''),
(1138, 3, 'portoin_fee_value', '400'),
(1139, 3, 'credit_pay_terms', '14 Days'),
(1140, 3, 'commission_paid', ''),
(1141, 3, 'commission_paid_value', ''),
(1142, 3, 'percentage_based_commission', ''),
(1143, 3, 'percentage_based_commission_value', ''),
(1144, 3, 'reimburse_fee', ''),
(1145, 3, 'reimburse_fee_value', ''),
(1146, 3, 'remuneration_fee', ''),
(1147, 3, 'remuneration_fee_value', ''),
(1148, 6, 'sale_conversionrate', '80'),
(1149, 6, 'contacting_client', '3 Days'),
(1150, 6, 'meeting_client', '24 hrs'),
(1151, 6, 'completing_strategy', '3 Days'),
(1152, 6, 'receiving_fee_commission', '3 Days'),
(1153, 6, 'average_inc_cilent', '10000'),
(1154, 6, 'fixed_min_fee', ''),
(1155, 6, 'fixed_min_fee_value', '2500'),
(1156, 6, 'consultation_fee', ''),
(1157, 6, 'consultation_fee_value', ''),
(1158, 6, 'advice_preparation_fee', ''),
(1159, 6, 'advice_preparation_fee_value', '30'),
(1160, 6, 'portoin_fee', ''),
(1161, 6, 'portoin_fee_value', '50'),
(1162, 6, 'credit_pay_terms', '7 Days'),
(1163, 6, 'commission_paid', ''),
(1164, 6, 'commission_paid_value', ''),
(1165, 6, 'percentage_based_commission', ''),
(1166, 6, 'percentage_based_commission_value', ''),
(1167, 6, 'reimburse_fee', ''),
(1168, 6, 'reimburse_fee_value', ''),
(1169, 6, 'remuneration_fee', ''),
(1170, 6, 'remuneration_fee_value', ''),
(1171, 4, 'sale_conversionrate', '40'),
(1172, 4, 'contacting_client', '3 Days'),
(1173, 4, 'meeting_client', '3 Days'),
(1174, 4, 'completing_strategy', '14 Days'),
(1175, 4, 'receiving_fee_commission', '30 Days  '),
(1176, 4, 'average_inc_cilent', '500'),
(1177, 4, 'fixed_min_fee', ''),
(1178, 4, 'fixed_min_fee_value', '150'),
(1179, 4, 'consultation_fee', ''),
(1180, 4, 'consultation_fee_value', ''),
(1181, 4, 'advice_preparation_fee', ''),
(1182, 4, 'advice_preparation_fee_value', '2500'),
(1183, 4, 'portoin_fee', ''),
(1184, 4, 'portoin_fee_value', '200'),
(1185, 4, 'credit_pay_terms', '14 Days'),
(1186, 4, 'commission_paid', ''),
(1187, 4, 'commission_paid_value', ''),
(1188, 4, 'percentage_based_commission', ''),
(1189, 4, 'percentage_based_commission_value', ''),
(1190, 4, 'reimburse_fee', ''),
(1191, 4, 'reimburse_fee_value', ''),
(1192, 4, 'remuneration_fee', ''),
(1193, 4, 'remuneration_fee_value', ''),
(1194, 5, 'sale_conversionrate', '75'),
(1195, 5, 'contacting_client', '3 Days'),
(1196, 5, 'meeting_client', '3 Days'),
(1197, 5, 'completing_strategy', '14 Days'),
(1198, 5, 'receiving_fee_commission', '14 Days'),
(1199, 5, 'average_inc_cilent', '1500'),
(1200, 5, 'fixed_min_fee', ''),
(1201, 5, 'fixed_min_fee_value', '800'),
(1202, 5, 'consultation_fee', ''),
(1203, 5, 'consultation_fee_value', ''),
(1204, 5, 'advice_preparation_fee', ''),
(1205, 5, 'advice_preparation_fee_value', '2000'),
(1206, 5, 'portoin_fee', ''),
(1207, 5, 'portoin_fee_value', '250'),
(1208, 5, 'credit_pay_terms', '7 Days'),
(1209, 5, 'commission_paid', ''),
(1210, 5, 'commission_paid_value', ''),
(1211, 5, 'percentage_based_commission', ''),
(1212, 5, 'percentage_based_commission_value', ''),
(1213, 5, 'reimburse_fee', ''),
(1214, 5, 'reimburse_fee_value', ''),
(1215, 5, 'remuneration_fee', ''),
(1216, 5, 'remuneration_fee_value', ''),
(1217, 10, 'sale_conversionrate', '35'),
(1218, 10, 'contacting_client', '3 Days'),
(1219, 10, 'meeting_client', '14 Days'),
(1220, 10, 'completing_strategy', '3 Days'),
(1221, 10, 'receiving_fee_commission', '14 Days'),
(1222, 10, 'average_inc_cilent', '5000'),
(1223, 10, 'fixed_min_fee', ''),
(1224, 10, 'fixed_min_fee_value', '750'),
(1225, 10, 'consultation_fee', ''),
(1226, 10, 'consultation_fee_value', ''),
(1227, 10, 'advice_preparation_fee', ''),
(1228, 10, 'advice_preparation_fee_value', '750'),
(1229, 10, 'portoin_fee', ''),
(1230, 10, 'portoin_fee_value', '400'),
(1231, 10, 'credit_pay_terms', '14 Days'),
(1232, 10, 'commission_paid', ''),
(1233, 10, 'commission_paid_value', ''),
(1234, 10, 'percentage_based_commission', ''),
(1235, 10, 'percentage_based_commission_value', ''),
(1236, 10, 'reimburse_fee', ''),
(1237, 10, 'reimburse_fee_value', ''),
(1238, 10, 'remuneration_fee', ''),
(1239, 10, 'remuneration_fee_value', ''),
(1240, 11, 'sale_conversionrate', '45'),
(1241, 11, 'contacting_client', '24 hrs'),
(1242, 11, 'meeting_client', '3 Days'),
(1243, 11, 'completing_strategy', '14 Days'),
(1244, 11, 'receiving_fee_commission', '30 Days  '),
(1245, 11, 'average_inc_cilent', '3500'),
(1246, 11, 'fixed_min_fee', ''),
(1247, 11, 'fixed_min_fee_value', '400'),
(1248, 11, 'consultation_fee', ''),
(1249, 11, 'consultation_fee_value', ''),
(1250, 11, 'advice_preparation_fee', ''),
(1251, 11, 'advice_preparation_fee_value', '1500'),
(1252, 11, 'portoin_fee', ''),
(1253, 11, 'portoin_fee_value', '400'),
(1254, 11, 'credit_pay_terms', '7 Days'),
(1255, 11, 'commission_paid', ''),
(1256, 11, 'commission_paid_value', ''),
(1257, 11, 'percentage_based_commission', ''),
(1258, 11, 'percentage_based_commission_value', ''),
(1259, 11, 'reimburse_fee', ''),
(1260, 11, 'reimburse_fee_value', ''),
(1261, 11, 'remuneration_fee', ''),
(1262, 11, 'remuneration_fee_value', ''),
(1263, 12, 'sale_conversionrate', '80'),
(1264, 12, 'contacting_client', '14 Days'),
(1265, 12, 'meeting_client', '3 Days'),
(1266, 12, 'completing_strategy', '24 hrs'),
(1267, 12, 'receiving_fee_commission', '14 Days'),
(1268, 12, 'average_inc_cilent', '4000'),
(1269, 12, 'fixed_min_fee', ''),
(1270, 12, 'fixed_min_fee_value', '400'),
(1271, 12, 'consultation_fee', ''),
(1272, 12, 'consultation_fee_value', '3500'),
(1273, 12, 'advice_preparation_fee', ''),
(1274, 12, 'advice_preparation_fee_value', '400'),
(1275, 12, 'portoin_fee', ''),
(1276, 12, 'portoin_fee_value', ''),
(1277, 12, 'credit_pay_terms', '7 Days'),
(1278, 12, 'commission_paid', ''),
(1279, 12, 'commission_paid_value', ''),
(1280, 12, 'percentage_based_commission', ''),
(1281, 12, 'percentage_based_commission_value', ''),
(1282, 12, 'reimburse_fee', ''),
(1283, 12, 'reimburse_fee_value', ''),
(1284, 12, 'remuneration_fee', ''),
(1285, 12, 'remuneration_fee_value', ''),
(1286, 13, 'sale_conversionrate', '75'),
(1287, 13, 'contacting_client', '14 Days'),
(1288, 13, 'meeting_client', '3 Days'),
(1289, 13, 'completing_strategy', '3 Days'),
(1290, 13, 'receiving_fee_commission', '24 hrs'),
(1291, 13, 'average_inc_cilent', '2500'),
(1292, 13, 'fixed_min_fee', ''),
(1293, 13, 'fixed_min_fee_value', '200'),
(1294, 13, 'consultation_fee', ''),
(1295, 13, 'consultation_fee_value', ''),
(1296, 13, 'advice_preparation_fee', ''),
(1297, 13, 'advice_preparation_fee_value', '500'),
(1298, 13, 'portoin_fee', ''),
(1299, 13, 'portoin_fee_value', '150'),
(1300, 13, 'credit_pay_terms', '7 Days'),
(1301, 13, 'commission_paid', ''),
(1302, 13, 'commission_paid_value', ''),
(1303, 13, 'percentage_based_commission', ''),
(1304, 13, 'percentage_based_commission_value', ''),
(1305, 13, 'reimburse_fee', ''),
(1306, 13, 'reimburse_fee_value', ''),
(1307, 13, 'remuneration_fee', ''),
(1308, 13, 'remuneration_fee_value', ''),
(1309, 14, 'sale_conversionrate', '65'),
(1310, 14, 'contacting_client', '3 Days'),
(1311, 14, 'meeting_client', '14 Days'),
(1312, 14, 'completing_strategy', '30 Days  '),
(1313, 14, 'receiving_fee_commission', '24 hrs'),
(1314, 14, 'average_inc_cilent', '2000'),
(1315, 14, 'fixed_min_fee', ''),
(1316, 14, 'fixed_min_fee_value', '250'),
(1317, 14, 'consultation_fee', ''),
(1318, 14, 'consultation_fee_value', ''),
(1319, 14, 'advice_preparation_fee', ''),
(1320, 14, 'advice_preparation_fee_value', '1500'),
(1321, 14, 'portoin_fee', ''),
(1322, 14, 'portoin_fee_value', '800'),
(1323, 14, 'credit_pay_terms', '7 Days'),
(1324, 14, 'commission_paid', ''),
(1325, 14, 'commission_paid_value', ''),
(1326, 14, 'percentage_based_commission', ''),
(1327, 14, 'percentage_based_commission_value', ''),
(1328, 14, 'reimburse_fee', ''),
(1329, 14, 'reimburse_fee_value', ''),
(1330, 14, 'remuneration_fee', ''),
(1331, 14, 'remuneration_fee_value', ''),
(1332, 15, 'sale_conversionrate', '50'),
(1333, 15, 'contacting_client', '3 Days'),
(1334, 15, 'meeting_client', '24 hrs'),
(1335, 15, 'completing_strategy', '3 Days'),
(1336, 15, 'receiving_fee_commission', '3 Days'),
(1337, 15, 'average_inc_cilent', '300'),
(1338, 15, 'fixed_min_fee', ''),
(1339, 15, 'fixed_min_fee_value', '50'),
(1340, 15, 'consultation_fee', ''),
(1341, 15, 'consultation_fee_value', ''),
(1342, 15, 'advice_preparation_fee', ''),
(1343, 15, 'advice_preparation_fee_value', '10000'),
(1344, 15, 'portoin_fee', ''),
(1345, 15, 'portoin_fee_value', '2500'),
(1346, 15, 'credit_pay_terms', '7 Days'),
(1347, 15, 'commission_paid', ''),
(1348, 15, 'commission_paid_value', ''),
(1349, 15, 'percentage_based_commission', ''),
(1350, 15, 'percentage_based_commission_value', ''),
(1351, 15, 'reimburse_fee', ''),
(1352, 15, 'reimburse_fee_value', ''),
(1353, 15, 'remuneration_fee', ''),
(1354, 15, 'remuneration_fee_value', ''),
(1355, 16, 'sale_conversionrate', '80'),
(1356, 16, 'contacting_client', '24 hrs'),
(1357, 16, 'meeting_client', '3 Days'),
(1358, 16, 'completing_strategy', '14 Days'),
(1359, 16, 'receiving_fee_commission', '30 Days  '),
(1360, 16, 'average_inc_cilent', '750'),
(1361, 16, 'fixed_min_fee', ''),
(1362, 16, 'fixed_min_fee_value', '400'),
(1363, 16, 'consultation_fee', ''),
(1364, 16, 'consultation_fee_value', ''),
(1365, 16, 'advice_preparation_fee', ''),
(1366, 16, 'advice_preparation_fee_value', '4000'),
(1367, 16, 'portoin_fee', ''),
(1368, 16, 'portoin_fee_value', '400'),
(1369, 16, 'credit_pay_terms', '14 Days'),
(1370, 16, 'commission_paid', ''),
(1371, 16, 'commission_paid_value', ''),
(1372, 16, 'percentage_based_commission', ''),
(1373, 16, 'percentage_based_commission_value', ''),
(1374, 16, 'reimburse_fee', ''),
(1375, 16, 'reimburse_fee_value', ''),
(1376, 16, 'remuneration_fee', ''),
(1377, 16, 'remuneration_fee_value', ''),
(1378, 17, 'sale_conversionrate', '75'),
(1379, 17, 'contacting_client', '24 hrs'),
(1380, 17, 'meeting_client', '14 Days'),
(1381, 17, 'completing_strategy', '30 Days  '),
(1382, 17, 'receiving_fee_commission', '3 Days'),
(1383, 17, 'average_inc_cilent', '1500'),
(1384, 17, 'fixed_min_fee', ''),
(1385, 17, 'fixed_min_fee_value', '400'),
(1386, 17, 'consultation_fee', ''),
(1387, 17, 'consultation_fee_value', ''),
(1388, 17, 'advice_preparation_fee', '');
INSERT INTO `usermeta` (`umeta_id`, `user_id`, `meta_key`, `meta_value`) VALUES
(1389, 17, 'advice_preparation_fee_value', '2500'),
(1390, 17, 'portoin_fee', ''),
(1391, 17, 'portoin_fee_value', '200'),
(1392, 17, 'credit_pay_terms', '14 Days'),
(1393, 17, 'commission_paid', ''),
(1394, 17, 'commission_paid_value', ''),
(1395, 17, 'percentage_based_commission', ''),
(1396, 17, 'percentage_based_commission_value', ''),
(1397, 17, 'reimburse_fee', ''),
(1398, 17, 'reimburse_fee_value', ''),
(1399, 17, 'remuneration_fee', ''),
(1400, 17, 'remuneration_fee_value', ''),
(1401, 18, 'sale_conversionrate', '65'),
(1402, 18, 'contacting_client', '3 Days'),
(1403, 18, 'meeting_client', '24 hrs'),
(1404, 18, 'completing_strategy', '3 Days'),
(1405, 18, 'receiving_fee_commission', '3 Days'),
(1406, 18, 'average_inc_cilent', '1750'),
(1407, 18, 'fixed_min_fee', ''),
(1408, 18, 'fixed_min_fee_value', '500'),
(1409, 18, 'consultation_fee', ''),
(1410, 18, 'consultation_fee_value', ''),
(1411, 18, 'advice_preparation_fee', ''),
(1412, 18, 'advice_preparation_fee_value', '2000'),
(1413, 18, 'portoin_fee', ''),
(1414, 18, 'portoin_fee_value', '250'),
(1415, 18, 'credit_pay_terms', '14 Days'),
(1416, 18, 'commission_paid', ''),
(1417, 18, 'commission_paid_value', ''),
(1418, 18, 'percentage_based_commission', ''),
(1419, 18, 'percentage_based_commission_value', ''),
(1420, 18, 'reimburse_fee', ''),
(1421, 18, 'reimburse_fee_value', ''),
(1422, 18, 'remuneration_fee', ''),
(1423, 18, 'remuneration_fee_value', ''),
(1424, 19, 'sale_conversionrate', '70'),
(1425, 19, 'contacting_client', '14 Days'),
(1426, 19, 'meeting_client', '30 Days  '),
(1427, 19, 'completing_strategy', '14 Days'),
(1428, 19, 'receiving_fee_commission', '24 hrs'),
(1429, 19, 'average_inc_cilent', '2500'),
(1430, 19, 'fixed_min_fee', ''),
(1431, 19, 'fixed_min_fee_value', '150'),
(1432, 19, 'consultation_fee', ''),
(1433, 19, 'consultation_fee_value', ''),
(1434, 19, 'advice_preparation_fee', ''),
(1435, 19, 'advice_preparation_fee_value', '200'),
(1436, 19, 'portoin_fee', ''),
(1437, 19, 'portoin_fee_value', '350'),
(1438, 19, 'credit_pay_terms', '14 Days'),
(1439, 19, 'commission_paid', ''),
(1440, 19, 'commission_paid_value', ''),
(1441, 19, 'percentage_based_commission', ''),
(1442, 19, 'percentage_based_commission_value', ''),
(1443, 19, 'reimburse_fee', ''),
(1444, 19, 'reimburse_fee_value', ''),
(1445, 19, 'remuneration_fee', ''),
(1446, 19, 'remuneration_fee_value', ''),
(1448, 11, 'membertype', 'sn_member'),
(1455, 20, 'register_date', '2014-01-09 15:30:37'),
(1451, 1, 'register_date', '2014/9/1'),
(1476, 5, 'user_access_id', '1'),
(1453, 19, 'membertype', 'sn_member'),
(1456, 19, 'skypeid', 'test15s'),
(1457, 19, 'linkedin', 'test15l'),
(1458, 19, 'qualifications', ''),
(1461, 21, 'register_date', '2014-01-13 16:36:22'),
(1462, 22, 'register_date', '2014-01-13 16:39:56'),
(1463, 23, 'register_date', '2014-01-14 08:57:05'),
(1464, 24, 'register_date', '2014-01-14 09:01:22'),
(1465, 25, 'register_date', '2014-01-14 09:05:58'),
(1466, 25, 'businessname', 'abc'),
(1467, 25, 'businesswebsite', 'abc_accounts.com'),
(1468, 25, 'businessprofile', 'Business Accounting'),
(1469, 1, 'lawyer', 'off'),
(1470, 1, 'bookkeeper', 'off'),
(1471, 1, 'mortgage', 'off'),
(1472, 1, 'financial', 'off'),
(1473, 1, 'property', '[object HTMLInputElement]'),
(1474, 1, 'general', 'off'),
(1475, 1, 'realestate', 'off'),
(1477, 5, 'membertype', 'sn_member'),
(1478, 0, NULL, '10'),
(1479, 5, 'client_industry_demograhpic_a', '10'),
(1480, 5, 'client_industry_demograhpic_b', '15'),
(1481, 5, 'client_industry_demograhpic_c', '25'),
(1482, 5, 'client_industry_demograhpic_d', '10'),
(1483, 5, 'client_industry_demograhpic_e', '5'),
(1484, 5, 'client_industry_demograhpic_f', '5'),
(1485, 5, 'client_industry_demograhpic_g', '5'),
(1486, 5, 'client_industry_demograhpic_h', '5'),
(1487, 5, 'client_industry_demograhpic_i', '20'),
(1488, 5, 'client_turnover_demograhpic_a', '25'),
(1489, 5, 'client_turnover_demograhpic_b', '25'),
(1490, 5, 'client_turnover_demograhpic_c', '10'),
(1491, 5, 'client_turnover_demograhpic_d', '40'),
(1492, 5, 'client_bussize_demograhpic_a', '10'),
(1493, 5, 'client_bussize_demograhpic_b', '30'),
(1494, 5, 'client_bussize_demograhpic_c', '30'),
(1495, 5, 'client_bussize_demograhpic_d', '20'),
(1496, 5, 'client_bussize_demograhpic_e', '10'),
(1497, 5, 'client_buspresence_demograhpic_a', '10'),
(1498, 5, 'client_buspresence_demograhpic_b', '40'),
(1499, 5, 'client_buspresence_demograhpic_c', '50'),
(1500, 1, 'client_industry_demograhpic_a', '10'),
(1501, 1, 'client_industry_demograhpic_b', '10'),
(1502, 1, 'client_industry_demograhpic_c', '10'),
(1503, 1, 'client_industry_demograhpic_d', '10'),
(1504, 1, 'client_industry_demograhpic_e', '20'),
(1505, 1, 'client_industry_demograhpic_f', '5'),
(1506, 1, 'client_industry_demograhpic_g', '5'),
(1507, 1, 'client_industry_demograhpic_h', '10'),
(1508, 1, 'client_industry_demograhpic_i', '20'),
(1509, 1, 'client_turnover_demograhpic_a', '10'),
(1510, 1, 'client_turnover_demograhpic_b', '0'),
(1511, 1, 'client_turnover_demograhpic_c', '20'),
(1512, 1, 'client_turnover_demograhpic_d', '70'),
(1513, 1, 'client_bussize_demograhpic_a', '10'),
(1514, 1, 'client_bussize_demograhpic_b', '10'),
(1515, 1, 'client_bussize_demograhpic_c', '10'),
(1516, 1, 'client_bussize_demograhpic_d', '10'),
(1517, 1, 'client_bussize_demograhpic_e', '60'),
(1518, 1, 'client_buspresence_demograhpic_a', '10'),
(1519, 1, 'client_buspresence_demograhpic_b', '50'),
(1520, 1, 'client_buspresence_demograhpic_c', '40'),
(1521, 1, 'user_decline', '5'),
(1522, 11, 'corporate_head_shot_photo', '2012-02-04 22.14.24.jpg'),
(1523, 11, 'skypeid', ''),
(1524, 11, 'linkedin', ''),
(1525, 11, 'qualifications', '');

-- --------------------------------------------------------

--
-- Table structure for table `users`
--

CREATE TABLE IF NOT EXISTS `users` (
  `id` int(11) NOT NULL auto_increment,
  `name` varchar(100) NOT NULL,
  `username` varchar(50) NOT NULL,
  `lastname` varchar(225) NOT NULL,
  `dob` varchar(225) NOT NULL,
  `mobileno` varchar(225) NOT NULL,
  `email` varchar(100) NOT NULL,
  `positionincompany` varchar(225) NOT NULL,
  `password` varchar(25) NOT NULL,
  `md5` varchar(125) NOT NULL,
  `code` varchar(11) NOT NULL,
  `activated` varchar(5) NOT NULL,
  PRIMARY KEY  (`id`)
) ENGINE=MyISAM  DEFAULT CHARSET=latin1 AUTO_INCREMENT=26 ;

--
-- Dumping data for table `users`
--

INSERT INTO `users` (`id`, `name`, `username`, `lastname`, `dob`, `mobileno`, `email`, `positionincompany`, `password`, `md5`, `code`, `activated`) VALUES
(1, 'Mohammed', 'mohammed.amk@gmail.com', 'admin', 'fghgfh', 'hfghfgh', 'mohammed.amk@gmail.com', 'fghfgh', 'admin', '21232f297a57a5a743894a0e4a801fc3', 'Uxo7Sjpg8mG', 'true'),
(2, 'Burhan', 'burhan.amk@gmail.com', 'bohra', '', '', 'burhan.amk@gmail.com', '', 'burhan', 'fe9e3203ad8d1387bf8c8d1d889b902b', 'ABFUF3RFtk7', 'true'),
(3, 'dan', 'dana@gmail.com', 'ashby', '', '', 'dana@gmail.com', '', 'password', '5f4dcc3b5aa765d61d8327deb882cf99', 'NtTHI88e74w', 'true'),
(6, 'ashfaque', 'ashfaque24@gmail.com', 'mary', '', '', 'ashfaque24@gmail.com', '', 'amkweb', '21ed5b05f0df98d58490e016acb4e0c8', 'Bow5l6biPOs', 'true'),
(5, 'test3', 'test3@gmail.com', 'jones', '', '', 'test3@gmail.com', '', 'password', '5f4dcc3b5aa765d61d8327deb882cf99', 'WVlCqYfWfkg', 'true'),
(4, 'test2', 'test2@gmail.com', 'smith', '', '', 'test2@gmail.com', '', 'password', '5f4dcc3b5aa765d61d8327deb882cf99', 'FOPP69sWQcC', 'true'),
(10, 'test6', 'test6@gmail.com', 'jones', '', '', 'test6@gmail.com', '', 'password', '5f4dcc3b5aa765d61d8327deb882cf99', 'XMBJuJnl0FV', 'true'),
(11, 'test7', 'test7@gmail.com', 'williams', '', '', 'test7@gmail.com', '', 'password', '5f4dcc3b5aa765d61d8327deb882cf99', 'XJ3BRM9Cff9', 'true'),
(12, 'test8', 'test8@gmail.com', 'smithers', '', '', 'test8@gmail.com', '', 'password', '5f4dcc3b5aa765d61d8327deb882cf99', '5DpkAXvAJcZ', 'true'),
(13, 'test9', 'test9@gmail.com', 'simpson', '', '', 'test9@gmail.com', '', 'password', '5f4dcc3b5aa765d61d8327deb882cf99', 'cSHhQCNvsst', 'true'),
(14, 'test10', 'test10@gmail.com', 'business', '', '', 'test10@gmail.com', '', 'password', '5f4dcc3b5aa765d61d8327deb882cf99', 'IfhSuJUojsP', 'true'),
(15, 'test11', 'test11@gmail.com', 'whiles', '', '', 'test11@gmail.com', '', 'password', '537319a7934aea9825d1af85df588fde', '8quqrcNK4zW', 'true'),
(16, 'test12', 'test12@gmail.com', 'fisher', '', '', 'test12@gmail.com', '', 'password', '5f4dcc3b5aa765d61d8327deb882cf99', 'w8HW9Nsk88k', 'true'),
(17, 'test13', 'test13@gmail.com', 'lately', '', '', 'test13@gmail.com', '', 'password', '5f4dcc3b5aa765d61d8327deb882cf99', '9zlGsKK7bIV', 'true'),
(18, 'test14', 'test14@gmail.com', 'keyboard', '', '', 'test14@gmail.com', '', 'password', '5f4dcc3b5aa765d61d8327deb882cf99', 'vPX3X0oa67l', 'true'),
(19, 'test15', 'test15@gmail.com', 'water', '12-11-1986', '9823072016', 'test15@gmail.com', 'Team lead', 'password', '5f4dcc3b5aa765d61d8327deb882cf99', '1wddSxXZOGk', 'true'),
(25, 'abcd', 'abc@gmail.com', 'kumar', '', '', 'abc@gmail.com', '', 'password', '5f4dcc3b5aa765d61d8327deb882cf99', 'FkyRoHqJqz5', 'true');
